frequency,penh,rt,mv,te,ti,eip
134.2072612,0.331563897,0.2107979,225.8292102,0.3210697,0.126,8
94.37865029,0.328261854,0.3180402,196.0998752,0.4659949,0.1697421,6
98.66343928,0.210667335,0.3236349,200.5273953,0.4221229,0.1860051,6
129.3338981,0.277826734,0.2173413,272.5398409,0.3099155,0.154,8
108.2867324,0.157492749,0.2927071,228.5873226,0.38,0.1740845,8
68.49315068,0.442146791,0.387101,492.5404989,0.474,0.402,6
116.3114837,0.143974559,0.2924216,213.331096,0.3678452,0.148011,6
117.9666327,0.189192885,0.2623691,217.2617277,0.3424636,0.1661548,6
121.3246222,0.181780011,0.2558499,216.9077692,0.3350046,0.1595364,6
113.8656909,0.131195049,0.2969176,210.6643739,0.3844916,0.142445,6
110.860177,0.119692938,0.3114593,203.5453353,0.3797139,0.1615084,8
132.3182466,0.113217646,0.256959,231.508913,0.3171661,0.1362861,6
123.8295527,0.190210224,0.2454824,226.605911,0.3137031,0.1708339,6
130.68661,0.177201711,0.2335607,234.9093274,0.2988167,0.1602969,6
142.6012076,0.070038095,0.2503052,245.236172,0.2855705,0.1351833,6
181.368772,0.067362836,0.1645016,329.8483264,0.1803882,0.1504295,6
135.1598536,0.116031758,0.2486991,244.5426305,0.298307,0.1456118,6
121.8248634,0.073646007,0.2937846,255.6721672,0.3328173,0.159693,6
135.2231825,0.142414771,0.2319355,248.3776965,0.2825282,0.1611827,6
136.5275315,0.127353773,0.2276963,248.0431981,0.276,0.1634718,8
139.7639015,0.142056095,0.2239448,249.205587,0.2752954,0.154,6
128.1293457,0.243222795,0.2271707,214.516125,0.3175722,0.1507046,6
123.2069285,0.246684037,0.2376137,202.0491148,0.3445578,0.1424278,6
121.2705025,0.398142447,0.2200597,192.5808004,0.3373195,0.1574422,6
124.371071,0.127575653,0.2737209,198.0934186,0.3557468,0.1266805,6
110.8223368,0.127031659,0.3198603,191.7260077,0.4031539,0.1382532,8
132.3493016,0.076297612,0.2608946,203.172673,0.3024997,0.1508461,8
116.4516936,0.309874969,0.2383802,195.0251703,0.335734,0.1795011,8
98.682344,0.458029784,0.2807635,169.5606378,0.4611413,0.1468702,8
134.0925055,0.063556894,0.2491875,256.9300293,0.2725936,0.1748587,6
109.7310601,0.324122946,0.2428315,192.7113569,0.3568218,0.1899696,8
130.5158443,0.270291157,0.2139124,210.3947709,0.2990866,0.1606277,6
91.1075812,0.604041411,0.2858999,169.2588395,0.4565621,0.202,6
104.3090775,0.193968349,0.3044639,216.0030903,0.3857757,0.1894379,6
121.7783537,0.084161279,0.2666878,265.646628,0.2964741,0.1962243,8
129.0256542,0.282038016,0.1953863,252.0688254,0.2580485,0.2069753,6
72.09988141,2.984946979,0.1771912,143.6415111,0.6347548,0.1974241,8
124.3802495,0.118576243,0.242741,248.5707632,0.2811465,0.2012452,8
160.3357645,0.013963447,0.1956865,347.1022053,0.1993612,0.1748535,6
151.143476,0.253471857,0.1840644,329.5745254,0.2595873,0.1373865,8
106.2786975,0.201237913,0.293386,241.8010497,0.3901407,0.1744127,8
98.77978972,0.267475442,0.294441,201.4471222,0.4055524,0.2018593,6
129.6189441,0.110940667,0.2322027,243.7409756,0.2724477,0.1904476,8
175.7331293,0.340867211,0.1377257,443.2522875,0.2,0.1414268,8
239.1738934,0.227053704,0.1049071,307.2653503,0.126,0.1248635,8
105.3876262,0.308601994,0.2824436,195.6156765,0.3812246,0.1881022,6
125.845419,0.082017729,0.2562351,256.1136473,0.284,0.1927754,8
277.7777778,0.509337142,0.0691485,1153.670381,0.1,0.116,6
113.3188348,0.248522971,0.2702529,164.4639765,0.3502893,0.1791902,8
118.0204663,0.181397784,0.2580547,169.237962,0.3206757,0.1877107,6
110.2063982,0.229325614,0.2623038,164.9889389,0.3391087,0.2053243,8
109.9551768,0.225880268,0.2635261,169.1272786,0.3387856,0.2068913,8
102.8891443,0.269550027,0.2838455,158.375933,0.3779375,0.2052144,6
112.0376417,0.208877659,0.2644945,178.2051884,0.3334718,0.2020625,8
109.0085383,0.240412899,0.2730979,176.305792,0.3558874,0.1945282,8
102.0153472,0.254080484,0.2871286,166.9106514,0.3760342,0.2121126,6
108.2419576,0.200047205,0.2878045,169.0982593,0.3723479,0.1819658,8
124.5163836,0.104478926,0.2660185,188.7988519,0.3122122,0.1696521,8
145.0018584,0.138311907,0.2197846,175.8648552,0.284,0.1297878,8
118.6115099,0.103636291,0.2883609,179.0319039,0.3418531,0.164,8
116.5328901,0.206850935,0.2565018,178.8309798,0.3267292,0.1881469,8
157.6769352,0.088436109,0.2205525,168.1359336,0.2633256,0.1171993,10
88.45973468,0.594197406,0.2864721,126.0764898,0.5286091,0.1496656,8
102.4348945,0.307380124,0.2854407,139.1078986,0.404347,0.1813909,8
140.3006643,0.135704914,0.2230788,195.8805281,0.264,0.163653,6
118.0171699,0.200940457,0.2626332,182.4433115,0.3408144,0.1675862,6
112.7819549,0.219276937,0.2920651,274.8430876,0.392,0.14,8
39.99788545,3.780080542,0.4050725,280.9412127,1.1820793,0.318,8
105.1993001,0.544053469,0.2270575,162.6600438,0.3665971,0.2037489,6
105.3648997,0.354161905,0.241619,182.4740937,0.3520467,0.2174029,6
112.9238951,0.195536042,0.2527444,223.3715276,0.317378,0.2139533,6
114.8540339,0.08944359,0.2768715,236.6231542,0.3077802,0.214622,6
118.759956,0.168579575,0.2430339,219.142941,0.301001,0.2042198,6
112.5888819,0.256608967,0.2533199,196.1549364,0.3479133,0.184999,6
102.9419435,0.271704744,0.2861969,188.9984202,0.3807661,0.2020867,6
109.2664904,0.387739781,0.2474366,196.570104,0.3458823,0.2032339,8
109.8470563,0.275060656,0.262061,207.8404654,0.3360963,0.2101177,6
107.4416601,0.245318289,0.2676887,208.5046337,0.3385389,0.2199037,6
112.85374,0.341481534,0.2376287,209.5106802,0.3282005,0.2034611,6
119.0949971,0.204612037,0.2572632,197.2793748,0.344,0.1597995,6
107.7625108,0.249205557,0.2719119,202.0086752,0.3487799,0.208,8
123.4895936,0.185867006,0.2523755,198.6042485,0.3186508,0.1672201,8
115.4749079,0.16802931,0.273425,191.3421897,0.3342442,0.1853492,6
122.3382759,0.168574306,0.2559316,193.1605622,0.3246876,0.1657558,6
119.2091901,0.09598059,0.2683413,212.1941724,0.3040045,0.1993124,6
137.0778744,0.0928427,0.2188901,238.2816061,0.2497119,0.1879955,8
116.689768,0.512945058,0.2301892,188.9801615,0.3740211,0.1401628,8
99.50022694,0.736841338,0.2354623,168.8876858,0.4230348,0.1799789,6
90.97511679,0.989278333,0.2438988,151.6510515,0.448,0.211521,6
106.126863,0.383893497,0.2572544,175.8314442,0.3693611,0.196,6
107.3395377,0.333848491,0.2507782,193.0921862,0.332335,0.2266389,6
107.0013669,0.244154518,0.2681412,204.8361315,0.3370755,0.223665,6
103.2836453,0.326783563,0.2564187,188.996808,0.346,0.2349245,6
107.1926251,0.498803493,0.2168416,192.3034255,0.31974,0.24,6
110.8672033,0.271821994,0.2408033,199.5863725,0.324928,0.21626,6
112.4859603,0.302248225,0.2232133,213.9832693,0.3063279,0.227072,6
113.1551329,0.231048852,0.2577664,219.2254313,0.3365734,0.1936721,6
125.1641215,0.132874798,0.2632218,202.9677052,0.327944,0.1514266,6
101.6852638,0.282400018,0.2917423,183.8630332,0.392,0.198056,6
99.81980861,0.374977497,0.272029,178.7998973,0.3730831,0.228,6
95.10218968,0.347761343,0.2865489,170.9282985,0.3939834,0.2369169,8
92.15957061,0.301598285,0.312527,189.9955836,0.4070281,0.2440166,6
114.0445914,0.213050535,0.2387957,209.5918122,0.2991381,0.2269719,6
113.5674059,0.246696573,0.2475993,208.5764194,0.3254587,0.2028619,6
107.8087107,0.283779553,0.2526557,216.2925932,0.318,0.2385413,6
120.9794984,0.263500568,0.2234978,210.9739455,0.2999518,0.196,6
108.9146851,0.342231467,0.2246521,176.304477,0.2968417,0.2540482,6
105.3766134,0.265885054,0.2591998,185.1266061,0.342228,0.2271583,6
109.0692737,0.204401938,0.2637448,205.0538695,0.3303371,0.219772,6
106.008603,0.263011515,0.2753114,208.1990263,0.3523289,0.2136629,6
100.3346831,0.28192841,0.2701922,190.9357499,0.3583275,0.2396711,6
108.2353187,0.242344141,0.2584841,192.2790433,0.3326752,0.2216725,6
104.4264092,0.253166574,0.2521745,187.5159013,0.3272425,0.2473248,8
110.5466069,0.22599934,0.2416409,209.1952083,0.304,0.2387575,6
107.0695718,0.394187981,0.2360021,209.9939575,0.3243833,0.236,6
94.39651287,0.342628552,0.2754102,176.8941586,0.364,0.2716167,8
105.535922,0.241957163,0.2550175,190.0970417,0.3205268,0.248,8
103.0292488,0.330122033,0.249971,195.5031537,0.3308857,0.2514732,6
98.00454578,0.475859164,0.2555256,183.7761684,0.3711022,0.2411143,8
127.1467672,0.218810852,0.1836939,210.0279249,0.2209978,0.2508978,6
142.6032751,0.105509817,0.2162093,229.581335,0.2517455,0.1690022,6
121.5373256,0.199869637,0.2400821,199.3517478,0.317421,0.1762545,6
125.5969781,0.243220511,0.2209558,181.3862363,0.3071395,0.170579,6
110.7179803,0.209222927,0.2718256,179.2815146,0.3490569,0.1928605,8
112.4976657,0.202479965,0.2589375,184.917958,0.3244013,0.2089431,6
106.1854437,0.254661563,0.2666211,188.3599282,0.3414505,0.2235987,8
111.389399,0.203515611,0.256395,194.3048392,0.3201014,0.2185495,8
119.1022785,0.220049061,0.2355413,199.2105403,0.2958701,0.2078986,6
109.6748379,0.260425995,0.2529518,190.2035915,0.3309418,0.2161299,6
130.1354146,0.238634227,0.2152443,186.1987467,0.298,0.1630582,8
107.9136691,0.316126962,0.2470377,174.0934066,0.352,0.204,8
92.09616866,0.311776245,0.307668,151.9616803,0.4294929,0.222,8
107.815336,0.272662088,0.2618717,194.845178,0.334,0.2225071,6
113.4366464,0.279456725,0.2356528,202.6666532,0.3069296,0.222,8
121.5988301,0.157207886,0.2135493,249.4594474,0.2523554,0.2410704,8
147.2964835,0.18080684,0.1952486,205.3482994,0.2696971,0.1376446,8
120.1481908,0.179849496,0.2524455,199.337473,0.3210804,0.1783029,6
107.0245568,0.350073445,0.254722,180.3768763,0.3416994,0.2189196,6
112.7856013,0.268362785,0.2470174,181.2042631,0.3256822,0.2063006,8
110.5746194,0.278176788,0.2417906,182.698887,0.3223022,0.2203178,8
112.2826349,0.238614022,0.2423963,195.9173229,0.306668,0.2276978,6
109.1463554,0.269734653,0.2571723,192.0038573,0.3303886,0.219332,6
110.8750294,0.227266995,0.2635985,182.0624374,0.3355384,0.2056114,8
124.0620906,0.201137486,0.2428251,207.9097321,0.3131672,0.1704616,6
112.5634084,0.252734949,0.2559272,194.7916053,0.3302001,0.2028328,6
104.3811554,0.280142094,0.2753666,169.7191018,0.3610165,0.2137999,6
104.7150572,0.306908085,0.2618526,173.2836368,0.35,0.2229835,6
110.6425604,0.239336752,0.255226,181.4037019,0.3262868,0.216,6
107.2899593,0.229926996,0.2670346,193.7644715,0.341519,0.2177132,8
97.20945673,0.352972986,0.2672983,172.4478959,0.3747429,0.242481,8
103.8346302,0.302457063,0.2500017,183.6640049,0.3385848,0.2392571,6
108.2330539,0.251961788,0.2585049,188.9532907,0.3349441,0.2194152,8
112.1273168,0.229691999,0.2488624,203.3892421,0.3140501,0.2210559,8
105.4630566,0.30924659,0.2585747,197.709318,0.3349697,0.2339499,6
104.3608031,0.269748869,0.2655876,204.1871955,0.3358982,0.2390303,6
111.0366754,0.287666432,0.2393513,194.3681805,0.3142602,0.2261018,8
100.4482167,0.278162932,0.2772628,175.3788733,0.3675829,0.2297398,8
102.4553598,0.246073888,0.2768803,191.4370129,0.3512038,0.2344171,6
110.2727928,0.192455973,0.2745282,183.8416493,0.343309,0.2007962,6
110.2223313,0.262238207,0.2264344,201.0026737,0.2856633,0.258691,6
107.8519064,0.253393443,0.2616619,198.9682518,0.3339817,0.2223367,8
114.9642001,0.190464514,0.2650624,187.9909711,0.3438833,0.1780183,6
106.6934681,0.345917757,0.2559234,178.6705691,0.340242,0.2221167,6
105.8043565,0.334022872,0.2592466,179.2430914,0.3513264,0.215758,8
101.9138573,0.323496891,0.2679804,170.8611754,0.3560589,0.2326736,6
96.89126007,0.27119687,0.2962083,167.4061152,0.3893098,0.2299411,6
104.7139425,0.2315401,0.2799878,179.4286473,0.3482994,0.2246902,6
105.5413055,0.300454007,0.2583411,180.6670899,0.3447972,0.2237006,8
105.7537999,0.302815068,0.2578079,176.3082606,0.3401527,0.2272028,8
111.617254,0.13695559,0.2643337,198.0105171,0.305704,0.2318473,6
106.4447318,0.522224555,0.2187503,189.9800131,0.3293768,0.234296,8
107.6598165,0.304595824,0.2435098,195.3888525,0.3106878,0.2466232,6
99.03487216,0.491936411,0.2427654,158.0923057,0.356535,0.2493122,8
98.77112262,0.337214766,0.2542001,204.7502283,0.346,0.261465,6
112.9246602,0.225796035,0.2526629,188.8266741,0.3373277,0.194,8
104.6688409,0.365088234,0.2519553,165.0374473,0.3485642,0.2246723,6
103.281743,0.425006648,0.2503453,165.3597881,0.3454994,0.2354358,8
83.04491373,0.568989749,0.3089828,136.4374182,0.494,0.2285006,8
110.1137255,0.168260261,0.2424935,163.8540496,0.2908912,0.254,8
116.085212,0.152281639,0.2521644,207.5104594,0.2937529,0.2231088,6
104.1219991,0.214708518,0.2613979,181.5297284,0.336,0.2402471,8
108.4866385,0.23385921,0.2550569,187.1963729,0.3290635,0.224,8
94.28988325,0.438930674,0.2652945,167.9905187,0.387399,0.2489365,6
100.1965522,0.287685041,0.2726611,168.90702,0.356222,0.242601,6
102.7741307,0.263522547,0.2735293,187.2274089,0.3460265,0.237778,6
95.68958299,0.310192817,0.2888056,184.7984213,0.375054,0.2519735,6
104.3577355,0.479360689,0.2264598,178.9992,0.3339994,0.240946,8
110.1498295,0.50426063,0.2014938,146.192691,0.306712,0.2380006,6
111.9044098,0.259339931,0.2214252,188.566808,0.2788839,0.257288,6
112.3355267,0.275860213,0.2330875,199.9312671,0.2969981,0.2371161,6
110.7544203,0.19376168,0.2538515,191.4184522,0.3127372,0.2290019,8
125.3917971,0.127552511,0.2173857,212.4509899,0.2472374,0.2312628,8
116.5585845,0.281342708,0.2308371,173.4576168,0.326,0.1887626,6
115.4337635,0.280666349,0.2285242,189.8889231,0.3017786,0.218,6
105.8499006,0.305736618,0.2566558,166.2145782,0.352619,0.2142214,8
101.0692112,0.368443375,0.2603053,164.3042325,0.3642716,0.229381,6
100.7048162,0.334171889,0.2606615,163.7131793,0.3580723,0.2377284,6
100.9246888,0.296065198,0.2718095,164.8979344,0.362575,0.2319277,8
99.5432293,0.346571128,0.2708551,174.7308579,0.3673282,0.235425,6
96.98195392,0.375202493,0.2845628,172.7757215,0.39,0.2286718,6
101.3459074,0.341945491,0.266036,177.8180006,0.3560318,0.236,6
120.0076325,0.220885236,0.2057228,210.8585016,0.26,0.2399682,8
118.5425197,0.281335578,0.2186507,193.5188967,0.3121475,0.194,8
108.358465,0.303820602,0.239674,188.3616982,0.3118652,0.2418525,6
132.0888509,0.134302962,0.2246546,187.3355723,0.2781049,0.1761348,10
104.3816276,0.267614168,0.2772056,170.1212863,0.3749187,0.1998951,8
112.5531884,0.217624785,0.2503677,178.4903465,0.314,0.2190813,8
106.8963084,0.268720235,0.2193352,152.7632076,0.2812916,0.28,6
98.81481511,0.13975808,0.3367637,166.7655776,0.384488,0.2227084,6
120.2335416,0.153576953,0.2514032,186.9578395,0.3135168,0.185512,8
110.8537047,0.226669236,0.2534259,179.9753953,0.3187707,0.2224832,6
101.2450099,0.245545499,0.2940559,183.4015443,0.3653925,0.2272293,6
104.6703929,0.263606625,0.2676592,185.2883094,0.3306205,0.2426075,6
95.66091649,0.326702543,0.2922758,170.5224388,0.3798359,0.2473795,8
127.6199037,0.178588046,0.2126123,196.8114788,0.257982,0.2121641,8
114.89525,0.270149679,0.240957,183.6887488,0.3201968,0.202018,8
101.21017,0.343937604,0.2813397,175.2044376,0.3670226,0.2258032,6
94.99062205,0.468865896,0.2703238,160.800669,0.3906639,0.2409774,6
100.4163765,0.290154763,0.2730285,166.3632162,0.366176,0.2313361,8
98.33015727,0.304170015,0.2882084,170.3702925,0.3723652,0.237824,8
98.27943825,0.338072225,0.2694222,172.6283852,0.3588693,0.2516348,6
88.2412504,0.200014548,0.3645534,176.1502648,0.4268234,0.2531307,6
114.2458697,0.22284415,0.250915,218.8337057,0.3160065,0.2091766,6
111.941656,0.166868011,0.2569171,220.4405297,0.308,0.2279935,8
109.9542096,0.363550738,0.2326294,176.9682989,0.3196817,0.226,8
97.35229345,0.425526217,0.2709648,169.0996567,0.374,0.2423183,8
98.11835166,0.327346074,0.2723885,157.4797412,0.3675064,0.244,6
93.97118468,0.240091338,0.3061247,169.5620599,0.388,0.2504936,8
102.535638,0.261020644,0.2653955,181.2661725,0.3231624,0.262,8
92.41631702,0.363635076,0.2972725,176.6731483,0.3963984,0.2528376,8
102.1199245,0.168513535,0.2968626,174.3910919,0.3479429,0.2396016,8
113.0271516,0.322294428,0.2192041,210.9998439,0.2987888,0.2320571,8
120.2216165,0.290826172,0.2325214,202.3946265,0.3158671,0.1832112,8
113.2507962,0.218220105,0.2509544,188.0245857,0.3116647,0.2181329,6
110.4248818,0.17092652,0.2634415,180.1557078,0.3150205,0.2283353,6
96.62154709,0.302289599,0.300372,171.1001275,0.386,0.2349795,6
106.1128238,0.169770335,0.2851165,179.3669293,0.3494359,0.216,6
98.30392954,0.244177403,0.3054758,186.923319,0.3757879,0.2345641,6
75.08152916,0.242651049,0.4329822,149.6811601,0.5549192,0.2442121,6
99.50304861,0.369916783,0.2675728,157.4797979,0.3699158,0.2330808,8
101.2699761,0.351753146,0.2688828,172.4900217,0.3603915,0.2320842,6
100.336277,0.361360588,0.2604661,176.1772184,0.3383806,0.2596085,6
94.99391564,0.25061559,0.3080834,179.960613,0.38,0.2516194,8
104.5052746,0.159906154,0.275824,179.3856169,0.3241337,0.25,6
98.19236047,0.259495695,0.3001825,183.6405661,0.3731792,0.2378663,8
97.77566872,0.352639504,0.2650522,181.1188718,0.3648288,0.2488208,6
105.7540795,0.366433374,0.2325371,176.0476789,0.3181828,0.2491712,6
95.62208622,0.330937557,0.2895763,176.5001592,0.3816529,0.2458172,8
102.480349,0.353116909,0.246706,178.9846191,0.335131,0.2503471,8
87.11929594,0.374153879,0.2679161,150.9298595,0.3678418,0.320869,6
99.17332423,0.381004562,0.2659915,182.7648821,0.3568432,0.2481582,6
102.7722295,0.323051203,0.2637577,193.3816282,0.3426585,0.2411568,8
96.31910133,0.300323572,0.2981611,185.6306156,0.3835879,0.2393415,8
80.89287397,0.508826286,0.3351333,140.2432658,0.4953096,0.2464121,6
89.99679611,0.36826009,0.3142405,165.4374216,0.412,0.2546904,8
90.11060175,0.196689863,0.3477863,163.9658902,0.4138484,0.252,6
100.609408,0.398508615,0.2486336,193.5002297,0.3322141,0.2641516,8
96.46316208,0.477765954,0.2536961,172.2453663,0.3522132,0.2697859,6
95.18725316,0.42844104,0.2687982,173.6134367,0.3665497,0.2637868,6
95.60881462,0.370312442,0.2587,169.4556755,0.3561069,0.2714503,6
101.4799326,0.255106954,0.2786688,177.6709359,0.3633568,0.2278931,6
106.9889841,0.262415911,0.2605204,191.0634224,0.3341622,0.2266432,6
100.0665943,0.264594586,0.2822436,173.9636236,0.3537629,0.2458378,8
98.64574193,0.434719299,0.2644819,159.2290227,0.368,0.2402371,6
94.45202947,0.310276308,0.2852898,162.827616,0.3772431,0.258,8
96.0816925,0.247497152,0.305303,180.1954156,0.3737117,0.2507569,6
90.52983946,0.424722585,0.2959347,170.146933,0.4084766,0.2542883,8
98.93400261,0.21814283,0.2871492,179.7933422,0.3529415,0.2535234,8
99.49283527,0.306276942,0.2746846,183.0643338,0.346,0.2570585,8
99.63525195,0.373907944,0.2654575,183.5012995,0.3481965,0.254,8
96.18348732,0.40226427,0.2832608,175.1608952,0.3720042,0.2518035,6
98.13934347,0.303200042,0.2863276,173.7209515,0.3653798,0.2459958,6
91.10605945,0.441764439,0.2745052,168.2834933,0.3999529,0.2586202,8
95.04729157,0.373363787,0.2772873,162.9274527,0.3872176,0.2440471,8
101.6926573,0.345242159,0.2593109,182.823987,0.3432307,0.2467824,6
120.0484756,0.109516531,0.2246824,219.1441217,0.2490288,0.2507693,6
118.4731418,0.284052927,0.209549,212.446825,0.2714727,0.2349712,8
118.6222969,0.375258633,0.2063084,215.1157691,0.2892798,0.2165273,8
108.5243135,0.361140832,0.2284271,173.8761552,0.3201513,0.2327202,6
115.6756509,0.234223816,0.2307777,181.276328,0.280843,0.2378487,8
106.6517639,0.246701318,0.2676121,188.5770644,0.3414216,0.221157,8
96.64819236,0.328135955,0.2865696,161.1443621,0.3842299,0.2365784,6
95.84799275,0.286079259,0.2927569,154.9500529,0.4022211,0.2237701,6
95.94510405,0.29296022,0.2935971,168.3111209,0.3855787,0.2397789,6
101.2600121,0.220354549,0.2878031,185.526823,0.3441127,0.2484213,6
97.8315634,0.391404153,0.2704611,177.6908657,0.3614117,0.2518873,8
102.1305975,0.355067169,0.2557094,190.1048941,0.3388948,0.2485883,8
95.06468518,0.470200439,0.2643852,169.0291916,0.372044,0.2591052,6
93.46434958,0.464203072,0.2627106,162.7711706,0.38,0.261956,6
101.8381964,0.229343143,0.2769929,184.5585291,0.3451699,0.244,6
102.0870854,0.308044983,0.250595,179.7378798,0.3289034,0.2588301,6
109.9650311,0.320254086,0.2415942,199.8202568,0.3205314,0.2250966,8
103.3304257,0.367312838,0.2427002,176.6383215,0.3331929,0.2474686,8
106.5068212,0.279027837,0.244885,186.2236279,0.3125371,0.2508071,6
98.61062559,0.291481595,0.2744446,176.7572024,0.3509908,0.2574629,6
92.7631164,0.403210052,0.2863142,161.3560722,0.3917996,0.2550092,6
100.6373025,0.339278236,0.2654229,174.9252335,0.346,0.2502004,6
100.524217,0.468248281,0.2410577,180.7751051,0.3468711,0.25,6
107.5594965,0.275755294,0.2440645,187.0390931,0.3147019,0.2431289,6
136.8065476,0.459993583,0.1639588,197.9241507,0.2550171,0.1835584,6
129.1979649,0.166795168,0.2172104,231.3409713,0.2654207,0.1989829,6
122.3645481,0.319838613,0.2076539,195.6776673,0.2777588,0.2125793,8
106.0234202,0.418236357,0.2328196,164.3602299,0.3356715,0.2302412,6
107.3043694,0.542347542,0.2125231,149.785896,0.3268286,0.2323285,6
95.36352097,0.421550107,0.2672364,148.0279992,0.386,0.2431714,8
115.2683495,0.1932062,0.2455076,179.964495,0.3025245,0.218,10
108.4058825,0.403749447,0.2393455,176.9709875,0.326,0.2274755,8
110.7116879,0.248764094,0.2443971,187.0465632,0.3139482,0.228,6
113.1053682,0.309185336,0.2354311,178.6702648,0.320427,0.2100518,6
106.1496189,0.241190529,0.2749979,183.2936324,0.3556669,0.209573,6
110.1992936,0.214927727,0.2499004,175.9080994,0.310135,0.2343331,8
103.5313151,0.358377195,0.2537304,172.5588401,0.3376698,0.241865,6
97.53837525,0.412166853,0.2739356,169.6868217,0.3748123,0.2403302,6
82.36095926,0.288669099,0.3769161,143.2918383,0.4733128,0.2551877,6
98.50220826,0.442067663,0.2652663,172.2273955,0.3504362,0.2586872,6
99.08121985,0.381200701,0.2700406,179.143175,0.356,0.2495638,8
92.47530023,0.294712266,0.3010675,167.6673167,0.3888219,0.26,6
86.90357353,0.355883749,0.3281942,167.3469185,0.4612423,0.2291781,6
87.89951796,0.496141682,0.2965987,155.767077,0.4338399,0.2487577,6
88.09747339,0.387326771,0.317048,157.4063751,0.4429037,0.2381601,6
90.21198463,0.36549363,0.3125287,158.9714974,0.4160038,0.2490963,6
94.58620113,0.344789823,0.2873148,162.3792846,0.3943458,0.2399962,8
101.2139261,0.303430284,0.2559638,171.1159568,0.3351496,0.2576542,6
103.2439952,0.261200845,0.2621008,184.2347067,0.3342972,0.2468504,8
100.6154985,0.270712759,0.2832728,182.5263948,0.3606268,0.2357028,8
96.63944387,0.324609613,0.2759591,166.0955043,0.3634913,0.2573732,8
99.83296281,0.362106451,0.2648321,167.5337158,0.3464952,0.2545087,6
97.32994755,0.348555493,0.2757817,171.3177675,0.360955,0.2555048,8
96.26325304,0.256947009,0.3023137,172.1705018,0.3722458,0.251045,8
117.7037874,0.28429949,0.2187756,219.7027701,0.28,0.2297542,6
117.2860707,0.296403637,0.2186986,192.6861979,0.2875697,0.224,8
114.5631973,0.214724706,0.2485998,194.5673775,0.3152981,0.2084303,6
106.8276964,0.407586124,0.2359835,169.4647389,0.3209502,0.2407019,8
106.1254739,0.29096399,0.2508651,165.0306913,0.3283187,0.2370498,6
106.9333632,0.213142097,0.260676,169.6841188,0.3234158,0.2376813,6
105.9900825,0.258226947,0.2663568,168.9768558,0.3315065,0.2345842,6
104.4398239,0.21239441,0.2770688,182.2198595,0.338,0.2364935,6
106.0070671,0.27998841,0.2515357,171.2554353,0.328,0.238,8
125.6373741,0.128621547,0.2054734,220.5163562,0.2335649,0.244,6
116.6172372,0.195570346,0.2587267,183.7273461,0.3480686,0.1664351,8
96.02442861,0.243833276,0.3166534,171.7763113,0.3969096,0.2279314,6
97.59795174,0.400614164,0.2636357,155.2050232,0.3636766,0.2510904,8
98.23240608,0.428810967,0.2460924,153.508636,0.350473,0.2603234,8
98.95258687,0.375860523,0.2614151,159.1378342,0.356824,0.249527,8
92.1726806,0.478543246,0.2826963,160.8729083,0.4017761,0.249176,6
95.6654312,0.355808244,0.2782118,159.107992,0.3749619,0.2522239,6
94.61098957,0.35530238,0.283363,159.4661419,0.4011377,0.2330381,6
109.521008,0.149616638,0.2517479,187.9557184,0.2989778,0.2488623,8
99.90470756,0.308636294,0.2716487,176.7584253,0.3535501,0.2470222,8
101.165528,0.486159579,0.2362147,164.074433,0.3406375,0.2524499,8
94.13795132,0.288825797,0.3003346,161.8773415,0.384,0.2533625,6
99.73565066,0.319755843,0.2477417,145.0406947,0.3235903,0.278,8
116.9339224,0.131531429,0.225311,206.9165212,0.2507006,0.2624097,6
107.6620574,0.413961766,0.2308916,180.7999395,0.332,0.2252994,8
97.63606807,0.445863432,0.2567369,160.8367687,0.358527,0.256,6
108.2581285,0.209812482,0.2640572,173.5168417,0.3367579,0.217473,8
98.95190146,0.248394092,0.2797941,162.5293361,0.3611131,0.2452421,6
101.8871366,0.172171436,0.2864013,167.2424416,0.34,0.2488869,6
101.8440218,0.207731764,0.2870792,185.8229298,0.3591362,0.23,6
109.783443,0.25300931,0.2530294,170.8871288,0.3256667,0.2208638,8
108.5361709,0.259425093,0.2620759,160.7329201,0.3544778,0.1983333,8
111.3415675,0.260485674,0.2440378,166.3738669,0.3233601,0.2155222,8
106.3710968,0.195694348,0.276093,179.3878788,0.3374231,0.2266399,8
115.5543915,0.103759231,0.2666926,193.926139,0.3006591,0.2185769,6
117.6709853,0.167309701,0.2748838,165.6561372,0.3525554,0.1573409,8
116.9802029,0.063544445,0.3383281,238.6857119,0.376,0.1369073,8
72.60727271,0.70783972,0.329276,101.5890399,0.6107426,0.2156209,8
108.461007,0.108573644,0.2989098,153.257371,0.3499368,0.2032574,6
98.4314134,0.114995256,0.350924,139.8108252,0.4154983,0.1940632,6
68.88907412,0.124842597,0.5507847,104.4117183,0.6644637,0.2065017,6
111.1386076,0.142429663,0.2501698,139.463109,0.2943301,0.2455363,8
94.61010937,0.252167685,0.297168,115.7303123,0.4094055,0.2247762,8
96.28956197,0.155748169,0.3257484,137.1719092,0.408526,0.2145945,8
83.81771826,0.157412154,0.3904434,131.4186045,0.5183651,0.197474,8
89.01410206,0.144679667,0.3458776,126.4475117,0.4124156,0.2616349,8
121.1045706,0.637743811,0.1770066,169.3175949,0.296,0.1994396,8
51.99090055,2.311836672,0.3680257,355.9012234,0.816,0.3380481,6
91.88087033,1.104108888,0.2175904,112.5122903,0.4703521,0.1826674,6
108.4194575,0.662075238,0.2063894,159.960421,0.3377583,0.2156479,6
132.7174066,0.224195108,0.227152,186.5638873,0.3138467,0.1382417,8
126.4411925,0.204983896,0.2343199,201.6365348,0.3083756,0.1661533,6
112.9089137,0.349254858,0.2421797,196.9400412,0.3337774,0.1976244,6
105.7951777,0.49697642,0.229175,172.4828146,0.382911,0.1842226,8
114.2053572,0.638717111,0.1919415,186.2209558,0.3302804,0.195089,6
114.1643304,0.48663428,0.2089244,199.4578095,0.3078386,0.2177196,6
110.2459458,0.407839631,0.2268881,193.2707077,0.3280763,0.2161614,8
108.5750395,0.415683537,0.2308195,188.2504032,0.3386895,0.2139237,8
116.4346544,0.361373484,0.2098704,189.1156988,0.288,0.2273105,6
121.6814182,0.207029325,0.218493,212.2290642,0.2730909,0.22,6
115.6271879,0.154344066,0.2612349,209.0727449,0.32,0.1989091,8
103.4482759,0.362583251,0.2504896,189.6039435,0.348,0.232,6
110.9836443,0.233313577,0.2391746,185.2655442,0.3026202,0.238,8
143.142132,0.099855852,0.2064886,209.6100985,0.239784,0.1793798,8
105.683556,0.212250864,0.3166664,199.9604249,0.4084183,0.1593143,8
104.4489872,0.302049198,0.2675017,178.1115456,0.3788614,0.1955817,8
95.5744262,0.881486519,0.2226176,145.2341686,0.4335087,0.1942743,6
97.92797463,0.604298852,0.2420153,158.4470369,0.3942039,0.2184913,6
92.12957041,0.531149065,0.2711783,143.3133493,0.4414606,0.2097961,8
91.06022329,0.237848591,0.339021,156.4262889,0.4503652,0.2085394,6
112.8594291,0.258927827,0.2413915,179.4055428,0.328,0.2036348,6
122.5051319,0.261460561,0.2009013,213.4107718,0.2557754,0.234,6
116.7558227,0.197724393,0.2514537,216.3633519,0.3116684,0.2022246,8
109.0245627,0.204904484,0.2689015,202.1279721,0.3320031,0.2183316,6
92.01028675,0.439217952,0.2892336,155.236115,0.4261041,0.2259969,6
117.3416255,0.417496736,0.2083328,183.7476872,0.2974316,0.2138959,8
104.7909734,0.343018504,0.2602843,170.8700512,0.376,0.1965684,6
109.0909091,0.44881603,0.2259815,179.595069,0.322,0.228,8
113.5019455,0.290598997,0.2225353,175.4866769,0.3026253,0.226,8
118.3977002,0.263497687,0.2228744,187.9108751,0.2853919,0.2213747,6
108.8500339,0.329846322,0.2528134,165.3569121,0.358609,0.1926081,8
104.8591558,0.226546776,0.2790086,164.4908806,0.3568051,0.215391,6
119.710325,0.186827504,0.2604324,160.4275056,0.328015,0.1731949,8
98.56599618,0.486111624,0.2972024,170.5781132,0.4686781,0.1400511,6
97.8279106,1.293848604,0.1956657,144.0578949,0.37,0.2433219,8
96.8309021,0.406490098,0.2515318,143.4691303,0.4116369,0.208,8
101.2090432,0.367534841,0.234481,156.6630621,0.3364693,0.2563631,8
122.1463309,0.187262365,0.2316587,209.0514967,0.2936834,0.1975307,6
157.1189003,0.316776401,0.1843627,277.0441952,0.254,0.1278764,6
100.9310044,0.668647369,0.2502289,165.2675334,0.4360016,0.1584639,6
86.18778912,0.896195525,0.26938,150.0821203,0.4741559,0.2219984,6
90.78657031,0.78148561,0.2646167,159.0684518,0.4290466,0.2318441,8
90.01143145,0.765569424,0.2513825,146.7280535,0.4396286,0.2269534,8
98.71133991,0.345911956,0.2869852,188.7925332,0.3854615,0.2223714,8
107.5556596,0.222225481,0.2728386,194.44025,0.3493122,0.2085385,8
99.22475697,0.409720249,0.2745759,179.9052188,0.38,0.2246878,8
99.4590093,0.416592701,0.270131,179.3925463,0.3752636,0.228,8
97.91669183,0.365704881,0.2739679,171.9912191,0.3760294,0.2367364,8
95.27230253,0.279041919,0.298337,161.5893881,0.3858032,0.2439706,6
103.4131867,0.203961527,0.2816928,190.7308882,0.348,0.2321968,6
98.94516212,0.278356106,0.2767476,182.9190892,0.3663965,0.24,6
101.1076512,0.266766344,0.2747352,179.8975279,0.3598234,0.2336035,6
97.20832278,0.318960176,0.2788435,166.3704936,0.3870545,0.2301766,8
97.84043334,0.300615713,0.2830941,177.1468888,0.3842979,0.2289455,8
98.50521618,0.414911547,0.2672667,162.9507436,0.3894027,0.2197021,8
95.99463966,0.321676568,0.2891317,166.6569531,0.3924376,0.2325973,6
97.12163838,0.357665434,0.2741877,168.5661083,0.3782196,0.2395624,8
100.4937593,0.33607549,0.2720867,170.871655,0.3672716,0.2297804,8
100.6315806,0.295601548,0.2760683,173.220301,0.3675059,0.2287284,6
97.32453238,0.384472769,0.2695249,166.9055492,0.382,0.2344941,8
103.7841967,0.21540931,0.2867786,168.8964307,0.3801227,0.198,6
99.35793248,0.258605678,0.2954753,164.3119349,0.376,0.2278773,6
102.8319402,0.247858983,0.2768004,170.0543168,0.3474763,0.236,8
104.4032415,0.185946095,0.2728904,183.365586,0.3241711,0.2505237,6
100.70005,0.260677891,0.2907796,175.5017572,0.364,0.2318289,6
102.2389129,0.20115424,0.2979799,172.9163157,0.3728607,0.214,8
108.7685586,0.200323557,0.263489,179.8076373,0.3244907,0.2271393,8
84.48229251,0.302529669,0.3734991,150.4529968,0.4726987,0.2375093,8
91.51078821,0.309651764,0.3121516,161.1708589,0.4023591,0.2533013,8
90.19129122,0.505391081,0.2902851,152.4787038,0.4196118,0.2456409,8
94.93690414,0.314995006,0.2820256,157.055855,0.3716105,0.2603882,8
112.3648111,0.156919368,0.2682942,190.2745863,0.3155855,0.2183895,10
102.2279387,0.192751889,0.2929968,180.6102078,0.3445092,0.2424145,8
97.80097762,0.360295639,0.2933182,163.7566867,0.392,0.2214908,6
83.92843255,0.43398795,0.3432165,140.1431372,0.4768948,0.238,8
87.06943439,0.455056679,0.31251,145.1933402,0.44,0.2491052,8
98.19575127,0.411493467,0.2729981,166.049182,0.3870244,0.224,6
106.4841387,0.21271616,0.2503732,176.0138777,0.3084886,0.2549756,6
105.3534661,0.297644136,0.2640894,186.0390267,0.348,0.2215114,8
99.82761435,0.530726862,0.2350416,144.6583154,0.3510361,0.25,8
100.8464547,0.327254972,0.2597557,155.7397203,0.354,0.2409639,8
113.9437312,0.367623968,0.205039,169.7437831,0.2805757,0.246,6
111.0610308,0.269208612,0.2628876,159.5139092,0.3768192,0.1634243,8
95.05992578,0.38539949,0.287581,147.1460017,0.402,0.2291808,8
104.3306977,0.18087237,0.2750127,173.6630415,0.3270944,0.248,6
112.8820422,0.29119239,0.2423535,191.808064,0.3166227,0.2149056,6
107.5106781,0.30396916,0.2482685,164.89517,0.3207068,0.2373773,10
100.580787,0.349150396,0.2655777,159.4837821,0.3512422,0.2452932,6
97.9179702,0.344443067,0.2752892,153.5997687,0.362,0.2507578,6
98.92685793,0.206694686,0.3052865,161.8552966,0.3805087,0.226,6
101.5602876,0.338115337,0.2697504,160.388047,0.3632908,0.2274913,8
95.38501845,0.448892426,0.278435,147.0612206,0.3943204,0.2347092,6
90.24887933,0.38181129,0.320964,146.1481754,0.4391486,0.2256796,6
95.02110023,0.436622519,0.271226,149.2090143,0.3985873,0.2328514,6
99.71358933,0.324710943,0.2699746,153.3281381,0.3643107,0.2374127,10
101.1433412,0.192094788,0.291257,165.9828218,0.3635282,0.2296893,6
102.3055406,0.293045534,0.2645664,161.5244664,0.3460067,0.2404718,6
94.22819336,0.357105874,0.288481,161.1141559,0.3807588,0.2559933,8
93.7432915,0.361512857,0.2893126,162.3853919,0.3828046,0.2572412,6
101.1471094,0.289852427,0.2573617,159.5250285,0.338,0.2551954,6
96.91304493,0.341837661,0.2776779,153.5853787,0.3631117,0.256,8
95.03104823,0.389692446,0.2784325,156.1273525,0.3724843,0.2588883,6
94.21872343,0.378118948,0.2914456,155.8084721,0.3913004,0.2455157,8
95.31966163,0.337833544,0.2672725,153.032727,0.3547613,0.2746996,6
98.68888526,0.27264822,0.2809297,163.0322452,0.3547325,0.2532387,6
97.89486874,0.333702465,0.2800533,162.2430378,0.3636349,0.2492675,6
100.9480536,0.285316924,0.2760818,164.361786,0.348,0.2463651,8
95.08068388,0.476683768,0.2613135,141.0646076,0.377043,0.254,6
89.40986361,0.44520455,0.3049498,132.3030374,0.4181099,0.252957,8
97.89755217,0.207020679,0.3023177,160.9052476,0.3629955,0.2498901,8
94.44853547,0.353777695,0.2919668,149.3783895,0.3822621,0.2530045,6
97.97461967,0.361069479,0.2713329,145.9849523,0.3626656,0.2497379,6
85.03088038,0.406309905,0.336614,140.0754975,0.4562916,0.2493344,8
93.20990685,0.450066695,0.2801582,136.0374486,0.418,0.2257084,10
94.02393285,0.387146344,0.2791505,148.1888765,0.3801354,0.258,8
94.46132328,0.30866575,0.2915392,148.4256085,0.379316,0.2558646,8
98.08765047,0.366048044,0.2687949,160.6725927,0.3610138,0.250684,8
102.5140372,0.382970617,0.2496844,162.5248413,0.3342995,0.2509862,6
97.43296612,0.374624599,0.2709521,148.6410118,0.3701075,0.2457005,6
90.74804064,0.458650949,0.2871077,135.1724239,0.4192788,0.2418925,8
92.77568139,0.48321091,0.2869818,143.9571409,0.404,0.2427212,6
89.21244591,0.477797699,0.2768888,130.4434932,0.4125519,0.26,6
92.1025021,0.544293459,0.258613,138.9933401,0.388,0.2634481,6
90.89233091,0.466847261,0.287495,145.5880428,0.4021217,0.258,8
90.86381044,0.30364318,0.3095263,145.0230096,0.3924506,0.2678783,6
86.94495428,0.386235157,0.3065384,141.519347,0.4305424,0.2595494,6
85.73824343,0.309686302,0.3361415,140.1652178,0.4463468,0.2534576,6
90.02156016,0.384181127,0.3036686,151.7021724,0.4008538,0.2656532,8
91.58261164,0.288149469,0.2734935,160.0747438,0.348,0.3071462,6
107.4450848,0.212445685,0.2519218,166.1074384,0.3084248,0.25,6
111.033737,0.193883398,0.2467651,173.3648661,0.2908011,0.2495752,8
105.0731046,0.255513509,0.2770659,155.3117563,0.3578321,0.2131989,8
101.8363124,0.245550515,0.2774358,150.7590164,0.3410129,0.2481679,8
98.50950198,0.301873997,0.2771937,146.3797012,0.3760912,0.2329871,6
95.54823267,0.491742752,0.261042,142.938815,0.3840463,0.2439088,8
99.04258831,0.362208066,0.266128,140.738199,0.3538463,0.2519537,6
117.3704099,0.098831276,0.2732877,177.1838962,0.3250484,0.1861537,6
125.2186108,0.134519566,0.2628304,151.4410742,0.3442104,0.1349516,6
102.7140827,0.25996594,0.2874046,147.2086001,0.3763562,0.2077896,6
103.5118464,0.239788101,0.2759932,156.0305441,0.346,0.2336438,6
108.4689678,0.177060988,0.2692449,151.2741017,0.3371536,0.216,10
99.57284907,0.260532887,0.2995841,138.8559143,0.4097275,0.1928464,8
97.15928909,0.282564864,0.3025484,124.8264027,0.4192701,0.1982725,10
110.0298438,0.184187178,0.298296,218.5154337,0.3681637,0.1771429,6
150.6998123,0.728957213,0.1291515,170.08603,0.2233088,0.1748337,10
106.2237561,0.835269592,0.188134,147.9068284,0.3510865,0.2137589,6
109.9462912,0.677188865,0.1972583,167.1306301,0.3448075,0.2009135,6
108.4613403,0.535190178,0.2225553,168.1376473,0.344,0.2091925,6
112.2507892,0.533449683,0.2087149,175.6281614,0.3265174,0.208,6
110.6840551,0.530051284,0.209989,180.9428329,0.3126009,0.2294826,6
119.7707827,0.412415428,0.1990261,192.4189311,0.2895578,0.2113991,6
113.6894402,0.226303875,0.2554505,185.3802122,0.3313113,0.1964422,6
121.4493277,0.172633055,0.2403266,188.8125292,0.2933445,0.2006887,8
110.5673858,0.231188849,0.2586842,179.7304453,0.328,0.2146555,6
119.1755199,0.035943038,0.2816679,182.1176076,0.2954591,0.208,6
180.7228916,0.156966616,0.1853834,201.5157568,0.23,0.102,8
147.8040749,0.172320393,0.2350835,201.8124129,0.302,0.1039428,8
315.1914394,0.19783084,0.0730795,328.5263733,0.088,0.1023605,6
138.8888889,0.468574165,0.1604946,182.7815679,0.24,0.192,6
173.0115779,0.529063104,0.1425303,287.2454431,0.2347976,0.112,6
156.1568346,0.657483917,0.147718,224.5531179,0.2222291,0.162,6
243.6858954,0.148085501,0.1097282,304.0797706,0.1273304,0.1188882,18
208.740014,0.236589278,0.1201709,349.1157071,0.1584089,0.12903,8
165.138357,0.290207,0.1595676,319.2366591,0.24,0.1233317,6
260.8695652,0.097456176,0.1108715,472.2937403,0.126,0.104,8
161.3280525,0.170651308,0.1763104,254.2617438,0.2352202,0.1366928,10
134.7112498,0.597709089,0.161766,258.4208448,0.2746173,0.1707798,6
134.7120362,0.569782577,0.1568504,237.5240103,0.2827118,0.1626827,8
130.0164124,0.322002688,0.2351081,222.7429834,0.316192,0.1452882,6
138.339119,0.046319119,0.2736582,296.6925675,0.306,0.1277168,12
102.8196754,0.256916948,0.2624419,271.0771494,0.3793802,0.2041657,6
184.2840702,0.255283641,0.1489035,294.2397562,0.2141483,0.111436,8
166.8781848,0.596313229,0.1274462,291.3425823,0.2135437,0.146,6
138.3298378,0.326968572,0.1758611,275.0554339,0.2372896,0.1964563,6
186.6335537,0.094844559,0.1649267,253.7693823,0.1854856,0.136,8
212.7659574,0.487949685,0.0812709,573.9991704,0.108,0.174,8
233.8112045,1.283091146,0.0637415,356.0610816,0.1206173,0.136,8
249.1581569,0.690133462,0.0686408,365.9289917,0.1094282,0.1313827,8
264.9646515,1.097009799,0.0578565,321.2341128,0.092,0.1344453,6
142.1663498,0.436116741,0.1651418,226.8129995,0.2460408,0.176,6
133.7884519,0.389626567,0.1894604,306.0566957,0.27,0.1784692,6
141.509434,0.583668871,0.1388377,254.6809181,0.244,0.18,8
192.3076923,0.688234098,0.1042867,279.3286194,0.188,0.124,8
133.3333333,0.044157285,0.2974006,283.7021813,0.338,0.112,8
150.7952565,0.692799817,0.1398763,274.3363646,0.2590625,0.138828,6
161.3357742,0.057975751,0.221793,376.3607161,0.249953,0.1219422,6
125.9755494,0.195160083,0.2319126,283.2532543,0.3042359,0.172047,6
124.7717197,0.476358639,0.1944734,201.9091969,0.3291141,0.1517641,12
206.8965517,0.587598283,0.098961,354.6882404,0.162,0.128,6
126.515791,0.870705502,0.1701136,239.8629578,0.3229987,0.1512504,6
196.679912,0.72313051,0.1027812,318.2384921,0.1920629,0.1130013,6
245.9650459,0.057577998,0.1019874,415.6524147,0.11,0.1339371,8
186.3354037,2.621193473,0.0679226,162.5316718,0.2,0.122,4
198.6754967,0.247998554,0.1378899,287.2202989,0.196,0.106,8
148.1096396,0.432779172,0.1630941,272.1895869,0.2593281,0.1457772,6
99.55665761,0.553430268,0.2404983,189.6391603,0.422,0.1806719,8
110.780452,0.11061572,0.2960836,217.2603529,0.3476118,0.194,8
157.8947368,0.528947717,0.1523114,315.9397568,0.238,0.142,8
148.950162,0.189273762,0.1813483,254.3975801,0.226,0.1768193,8
86.01806465,0.175513845,0.4103792,167.2230419,0.5095977,0.1879302,8
130.418537,0.019234252,0.3121308,224.2966938,0.323655,0.1364023,6
109.4828178,0.018460961,0.3632062,223.1982892,0.3736862,0.174345,8
113.8289026,0.233319709,0.2813591,218.527362,0.3951069,0.132,6
113.2822921,0.286796888,0.2661935,193.0833147,0.385917,0.1437333,6
107.5749241,0.519182148,0.2310744,167.0238535,0.3896678,0.168083,6
105.7861684,0.357419417,0.2649876,189.1388304,0.3668497,0.2003322,6
104.7696195,0.466961413,0.2544083,189.7950014,0.3835348,0.1891503,6
134.0035895,0.158292335,0.2221747,207.0990112,0.287284,0.1604652,8
158.7130698,0.088016089,0.218013,213.6928338,0.2533247,0.124716,8
86.74199245,0.816128655,0.2590722,143.9026711,0.5140622,0.1776443,8
96.71119089,0.505754877,0.2593657,145.1062483,0.4344661,0.1859378,6
119.8765751,0.270341037,0.2232252,175.0807158,0.3249809,0.1755339,6
183.7486563,0.541578319,0.1225344,311.3111174,0.198533,0.128,6
121.7733364,0.08697228,0.3107933,288.7640013,0.3507187,0.142,6
84.66850868,1.085748345,0.2530341,141.3204214,0.488646,0.22,6
100.1762601,0.404562403,0.2821019,175.3911125,0.3935903,0.205354,6
98.55608761,0.162356554,0.3211661,184.7843894,0.3843807,0.2244097,6
104.7448546,0.139342711,0.3059254,204.7860587,0.3592012,0.2136193,8
111.6951942,0.212367012,0.2731795,228.2816244,0.3383774,0.1987988,6
115.3794011,0.112593726,0.2928197,223.5418101,0.3384009,0.1816226,6
114.5539451,0.153782323,0.281763,218.4938478,0.3341716,0.1895991,6
110.0998036,0.218121203,0.2816759,213.4436552,0.3491317,0.1958284,6
109.8840522,0.13264625,0.2955062,208.771575,0.3451618,0.2008683,8
106.5507773,0.259097871,0.2874134,205.2689346,0.3622736,0.2008382,6
99.49534304,0.271409857,0.3068279,194.3485298,0.3893169,0.2137264,6
113.0353495,0.201169978,0.2834943,186.961131,0.3641243,0.1666831,6
99.88682822,0.177586232,0.3253052,184.0499001,0.3908041,0.2098757,6
123.7656695,0.108311111,0.271733,209.5646029,0.3255912,0.1591959,6
129.7691234,0.080827122,0.2634763,201.2468002,0.3059508,0.1564088,8
161.8714061,0.261276582,0.1926725,255.7448753,0.236,0.1346646,6
39.60424795,3.738370511,0.3960068,245.1347609,1.136989,0.378,8
80.79347813,0.939913944,0.2895317,105.3214309,0.4956232,0.247011,6
104.4219021,0.233780975,0.3046427,144.4587672,0.3922153,0.1823768,6
101.7471857,0.247362945,0.2976169,161.442495,0.3759122,0.2137847,6
107.3468161,0.170349814,0.2941488,187.6413189,0.3488482,0.2100878,6
103.7277327,0.298243693,0.2716078,183.5324309,0.3552856,0.2231518,6
111.3157672,0.265566655,0.2481073,198.7780477,0.3162928,0.2227144,6
117.3315979,0.224912926,0.2332691,187.4470483,0.287664,0.2237072,6
118.2555882,0.230790536,0.2665583,180.8091198,0.3510396,0.156336,6
97.07721538,0.365382996,0.3009353,158.905963,0.3991043,0.2189604,6
94.62420941,0.359134883,0.3103033,148.3080797,0.4151915,0.2188957,6
96.33779886,0.310583409,0.3111982,158.0148018,0.41,0.2128085,6
115.3424045,0.136372552,0.2991807,164.6404855,0.3681903,0.152,6
103.7669657,0.180630768,0.3076829,169.5203891,0.364409,0.2138097,4
105.2342277,0.166255448,0.3096486,173.4333908,0.3645657,0.205591,6
102.2432336,0.175271208,0.3164817,167.4310638,0.3814016,0.2054343,8
112.1530126,0.172689164,0.2693957,185.6285653,0.328385,0.2065984,6
104.0168535,0.333058569,0.2601642,167.4017597,0.3452146,0.231615,6
101.3440073,0.331218154,0.2843717,160.4696678,0.3712575,0.2207854,6
100.6027108,0.453025154,0.2672207,154.8471596,0.4216629,0.1747425,6
103.3214933,0.175993467,0.3208745,149.1302205,0.4003746,0.1803371,6
125.3372355,0.147689865,0.2597214,171.2232155,0.3170831,0.1616254,8
113.0951349,0.276885748,0.2579041,165.5679996,0.3436099,0.1869169,6
97.69571627,0.281664091,0.3080634,154.5067743,0.4057617,0.2083901,6
100.8539641,0.293971315,0.2819784,157.128764,0.3606813,0.2342383,6
117.8990623,0.126585919,0.2880061,188.47968,0.3338771,0.1750328,8
89.26938808,0.536645697,0.3052961,147.8060659,0.5,0.1721229,6
96.92643058,0.34173406,0.3002758,140.8291438,0.3890262,0.23,6
89.49884673,0.599829459,0.2775717,134.5317028,0.4314259,0.2389738,6
96.46296047,0.292369369,0.3052065,134.7084275,0.4074263,0.2145741,6
104.4987586,0.165591951,0.3093901,171.9711537,0.3735958,0.2005737,6
99.86252259,0.223300674,0.3147033,163.8747633,0.3844218,0.2164042,8
99.46280141,0.349872355,0.2537628,146.220734,0.3516624,0.2515782,6
103.0330173,0.285909889,0.2702201,157.2015208,0.352,0.2303376,6
84.98826737,0.178411563,0.4003271,145.6430411,0.4739798,0.232,6
97.63128601,0.195739686,0.2917917,168.2912123,0.3385369,0.2760202,6
116.8523483,0.135028723,0.2734391,185.4386844,0.3180054,0.1954631,8
111.2689069,0.282108892,0.279157,168.8013769,0.3812396,0.1579946,6
88.82093758,0.706411551,0.2886705,128.2577426,0.466756,0.2087604,6
88.21548455,0.433128392,0.3221604,127.7483318,0.4469087,0.233244,6
90.73247876,0.314263413,0.3228515,140.8107207,0.4181934,0.2430913,6
93.23780395,0.096782503,0.3450456,139.8364947,0.4037092,0.2398066,6
104.7553334,0.32126543,0.268733,148.9255344,0.3884724,0.1842908,8
65.67946059,0.571775428,0.392306,98.34716244,0.69,0.2235276,8
106.7962271,0.169416865,0.2573432,131.7077152,0.3078176,0.254,6
109.8534116,0.113808265,0.2692667,186.8919254,0.304,0.2421824,8
116.2790698,0.128926491,0.2472436,203.4973379,0.284,0.232,6
103.9939212,0.249353661,0.2497773,158.4964744,0.3229568,0.254,8
121.6055335,0.162901776,0.2346759,190.0971644,0.2843554,0.2090432,6
101.8528908,0.392177924,0.2652614,162.9605248,0.3674403,0.2216446,8
103.9326738,0.231557323,0.2720491,170.3389598,0.3427371,0.2345597,8
123.7384861,0.193300615,0.2478241,161.0410663,0.3436307,0.1412629,6
112.2818994,0.389208974,0.2257958,143.9144392,0.326,0.2083693,6
117.3190256,0.064795903,0.2672447,189.9104616,0.291426,0.22,8
132.0496058,0.110094482,0.2615829,187.2107703,0.3258007,0.128574,8
108.2643013,0.241562383,0.27559,168.0618067,0.358,0.1961993,6
107.5216405,0.167988395,0.2754899,146.3895164,0.3480272,0.21,10
116.7376951,0.247313239,0.240583,172.4086922,0.314,0.1999728,6
112.3595506,0.266459511,0.2525997,175.0186762,0.334,0.2,8
113.004459,0.334963841,0.2253789,165.9399392,0.3069525,0.224,8
118.6464575,0.180580542,0.2337089,178.2801694,0.2866566,0.2190475,8
123.3934938,0.180801913,0.2495499,169.699901,0.3289059,0.1573434,6
105.2386945,0.21942812,0.2920445,164.1425444,0.3590384,0.2110941,6
106.0841187,0.323212241,0.2617811,159.6245732,0.3446273,0.2209616,6
101.4581395,0.219801397,0.2924597,159.3115625,0.3700042,0.2213727,8
92.25170262,0.327663616,0.3029974,135.0006441,0.4123987,0.2379958,6
87.73605019,0.399093431,0.3170137,134.277336,0.4662681,0.2176013,8
98.38234824,0.453608983,0.251954,122.8463133,0.4021336,0.2077319,6
116.3733863,0.160755395,0.2446126,169.6688263,0.2877154,0.2278664,8
120.825139,0.155210463,0.2384384,188.3838683,0.2843008,0.2122846,8
121.213615,0.141643192,0.2471185,189.4967734,0.2912947,0.2036992,6
114.9844254,0.152084836,0.2613877,183.2024343,0.3151045,0.2067053,8
111.1541731,0.215431883,0.2637317,182.9477782,0.3168953,0.2228955,6
101.1123709,0.275341221,0.2801914,158.927015,0.3662945,0.2271047,6
97.5506971,0.284521575,0.294334,149.2215201,0.3833593,0.2317055,8
97.57930148,0.203935468,0.3289727,158.858812,0.4002438,0.2146407,6
103.230726,0.319963744,0.272211,166.7116348,0.3554661,0.2257562,6
103.7360719,0.226188644,0.288785,167.2579792,0.355857,0.2225339,6
92.04228484,0.411432298,0.2835617,152.2465787,0.4037313,0.248143,6
99.27046138,0.132792621,0.35299,152.529685,0.4341407,0.1702687,8
118.9970453,0.14884781,0.2552511,153.5832575,0.3183549,0.1858593,8
109.1613479,0.249429235,0.2606673,178.6845918,0.332,0.2176451,8
110.857801,0.22206851,0.2602711,175.9475955,0.3232339,0.218,8
113.4717222,0.419565304,0.2208055,162.4935113,0.322,0.2067661,6
102.2430942,0.275156167,0.2685853,160.088838,0.3488367,0.238,6
105.7254936,0.269736048,0.2521677,170.150666,0.3243441,0.2431633,8
105.7148943,0.23440159,0.2870804,159.4034474,0.3819084,0.1856559,8
103.1906018,0.29376821,0.2647182,160.1812157,0.3413567,0.2400916,8
105.5143004,0.439403155,0.2405932,170.4900079,0.336,0.2326433,8
99.42749648,0.43897852,0.257033,160.4322683,0.3634548,0.24,6
95.60406152,0.444913581,0.2696596,152.8705238,0.3770432,0.2505452,6
134.4046278,0.187372782,0.2357899,190.9623478,0.3172933,0.1291199,6
99.50931955,0.341635854,0.2831268,159.8028763,0.3902519,0.2127067,6
96.05703482,0.313131867,0.2911822,162.5306655,0.3848808,0.2397481,6
97.33907418,0.573996285,0.2552849,149.0549902,0.3892828,0.2271192,6
93.7560502,0.634290893,0.2506125,137.2957434,0.3972415,0.2427172,8
98.21069927,0.266232576,0.2965508,152.9375715,0.3821729,0.2287585,6
99.19027671,0.20227986,0.3013786,165.6058771,0.3650709,0.2398271,6
104.5313286,0.26874745,0.2592744,168.0241455,0.3370615,0.2369291,6
104.4543514,0.117651829,0.3090711,185.5189867,0.3474751,0.2269385,6
89.41844479,0.217914411,0.352463,154.5372781,0.4344776,0.2365249,4
92.53384502,0.337664743,0.3078878,146.1917601,0.406889,0.2415224,6
101.1615027,0.512868655,0.2305499,151.543168,0.348,0.245111,8
92.87925697,0.381802442,0.2809064,156.3662758,0.406,0.24,6
101.3028902,0.309781684,0.2489079,159.0544149,0.3362832,0.256,6
103.9689632,0.174921471,0.2753655,165.8895991,0.3393785,0.2377168,6
106.6310472,0.23185999,0.2473443,179.1562724,0.3040664,0.2586215,6
102.3237554,0.344800889,0.2693594,151.5211505,0.3864405,0.1999336,8
96.40604684,0.313149468,0.2855564,155.6189092,0.3828081,0.2395595,6
95.07063511,0.361790579,0.2932783,143.956172,0.4239178,0.2071919,8
108.6130512,0.283328106,0.2565019,158.9318057,0.3343376,0.2180822,6
108.7136136,0.216460869,0.2596941,158.589607,0.3202464,0.2316624,6
102.080798,0.218966174,0.290335,160.4348019,0.3500161,0.2377536,6
97.62339109,0.318714156,0.2749919,153.2755606,0.3706229,0.2439839,8
107.9780092,0.305707382,0.2419291,145.5788716,0.3382916,0.2173771,8
100.3833977,0.314415491,0.2786203,159.3867845,0.396,0.2017084,8
104.1115924,0.323654141,0.2695209,147.0240724,0.3823047,0.194,8
92.47317661,0.358511713,0.3088628,138.2299349,0.4331415,0.2156953,6
101.8081293,0.309316018,0.2712165,145.8792891,0.3644854,0.2248585,6
101.7786498,0.286869913,0.2715718,154.4144073,0.352,0.2375146,6
95.83657181,0.247289514,0.2996781,145.4980045,0.3880658,0.238,8
87.23316465,0.297351986,0.3399098,138.5454864,0.4618776,0.2259342,8
94.73425935,0.308372264,0.2900379,155.589318,0.3772282,0.2561224,8
105.8113722,0.114085155,0.2830107,180.5194866,0.314275,0.2527718,6
108.7498301,0.266482116,0.2535294,168.6714763,0.346,0.205725,8
98.18837538,0.413373334,0.2604739,153.5124109,0.3610703,0.25,6
98.21097256,0.438565246,0.2585805,155.2105985,0.35,0.2609297,6
91.37141643,0.43517431,0.2839837,151.152177,0.4026605,0.254,6
100.5279055,0.438713926,0.2488613,143.432691,0.3415097,0.2553395,8
124.0247008,0.13507665,0.2491058,184.6289539,0.3032843,0.1804903,6
103.9427566,0.222663203,0.2809002,170.5722716,0.3545251,0.2227157,8
122.1079495,0.208973387,0.2356182,168.5922472,0.3018936,0.1894749,8
115.3610107,0.443560337,0.217289,148.9467613,0.314,0.2061064,6
105.4491739,0.438349341,0.2433981,140.4327343,0.3529945,0.216,6
99.28195977,0.433826926,0.2672421,139.0098669,0.3873339,0.2170055,6
105.5471352,0.310566571,0.2659926,145.8928254,0.3478003,0.2206661,6
86.93136204,0.197983682,0.3907097,120.425431,0.468,0.2221997,8
107.2892879,0.18217568,0.2642386,151.5403401,0.3272357,0.232,6
113.6193853,0.093158275,0.2984767,157.2031956,0.3533146,0.1747643,8
101.9220113,0.240565035,0.288867,145.0352175,0.366,0.2226854,6
105.6338028,0.182176004,0.2628084,144.7488397,0.318,0.25,8
106.1316124,0.17124837,0.2931652,145.7476,0.3713358,0.194,8
122.1967057,0.206107769,0.2334152,157.5903019,0.3043474,0.1866642,8
122.5797397,0.126820465,0.2597972,156.7482845,0.3238247,0.1656526,8
112.6370934,0.219138675,0.2629424,154.2323724,0.3405089,0.1921753,6
114.9907059,0.174554076,0.2703892,148.1726562,0.3402902,0.1814911,8
39.31724812,3.100840525,0.4445775,257.1570786,1.1420478,0.384,6
84.26966292,0.783800351,0.2783653,127.4789537,0.474,0.238,8
87.41237092,0.39676291,0.3223791,144.4051869,0.4564017,0.23,6
106.2326708,0.377476327,0.2276047,166.1659067,0.3271997,0.2375983,6
113.4179267,0.595049103,0.1924373,197.016929,0.3002166,0.2288003,6
114.539184,0.577353904,0.1998139,180.4115984,0.3480548,0.1757834,8
103.0785615,0.489235479,0.2379956,162.6809946,0.3601351,0.2219452,6
97.52634186,0.336199512,0.2940571,152.7713054,0.4053535,0.2098649,8
95.140463,0.353884519,0.2777508,146.987677,0.384,0.2466465,8
104.8951049,0.276165863,0.2518647,167.2094727,0.33,0.242,6
108.0714222,0.237153891,0.2521836,182.3790019,0.3211884,0.234,8
108.1448189,0.217995396,0.2530561,191.64195,0.306,0.2488116,8
115.738776,0.229226992,0.2257798,193.3632164,0.2844088,0.234,6
109.0665972,0.310614592,0.2462918,186.0797816,0.3245314,0.2255912,6
108.5871634,0.330879236,0.2364483,170.0403267,0.3110829,0.2414686,6
104.7271935,0.224631707,0.2615347,165.9478495,0.324,0.2489171,6
107.9912829,0.221263081,0.2569134,179.6564612,0.3256004,0.23,8
102.238338,0.282855573,0.2746917,158.3759854,0.3664644,0.2203996,6
104.4414238,0.297051886,0.2599989,162.0203681,0.3449491,0.2295356,6
117.8664059,0.243433881,0.2199653,178.9590093,0.276,0.2330509,8
107.7014237,0.360332326,0.2352222,178.7809132,0.3170957,0.24,8
104.6324445,0.366049922,0.2338162,164.6269395,0.3365316,0.2369043,6
106.875192,0.306731186,0.2393993,172.1406147,0.3079341,0.2534684,6
100.3037197,0.433989429,0.2483487,163.8670211,0.3501173,0.2480659,6
110.2618296,0.290005443,0.2345382,169.5911932,0.3102766,0.2338827,8
88.49557522,0.307168948,0.3330414,163.874765,0.446,0.232,6
98.20471952,0.431345362,0.2449271,152.3695437,0.3429686,0.268,6
148.563907,0.035341645,0.2383557,216.4061636,0.2548352,0.1490314,8
111.5018632,0.25500078,0.2473106,163.0593647,0.3369428,0.2011648,6
122.1898623,0.135866043,0.2515159,193.3466691,0.3019819,0.1890572,8
108.4654774,0.346667666,0.2555819,161.6161496,0.3711533,0.1820181,6
100.3160122,0.482848869,0.2513344,141.0707996,0.3712632,0.2268467,8
101.5670956,0.534305304,0.2385725,148.7467002,0.3580057,0.2327368,8
99.33868581,0.494690357,0.2456962,152.0973192,0.358,0.2459943,8
104.6324993,0.353637556,0.2518269,159.2105271,0.3414356,0.232,8
117.0884551,0.250479069,0.2536616,180.1389829,0.3598687,0.1525644,8
99.13242605,0.294819522,0.2935915,154.423955,0.4011197,0.2041313,6
98.00877211,0.362873007,0.2788846,157.1576739,0.3773098,0.2348803,6
94.5970277,0.382427796,0.280438,148.3000242,0.3815792,0.2526902,8
98.31399688,0.252380828,0.2788898,154.4411868,0.3538687,0.2564208,6
99.26975514,0.237284509,0.2864814,166.1753669,0.3562824,0.2481313,8
99.82043967,0.246333919,0.2750856,165.607375,0.3433617,0.2577176,6
101.7270714,0.329090633,0.269524,168.1425852,0.3671752,0.2226383,6
96.31823545,0.403351054,0.2625818,153.6314823,0.3641102,0.2588248,6
99.65040975,0.369026914,0.2582943,148.7059847,0.3682151,0.2338898,8
102.7038676,0.262873297,0.2675108,157.388479,0.352419,0.2317849,8
100.5580469,0.189387211,0.290379,162.4330224,0.3590893,0.237581,6
101.8911853,0.231327207,0.2726899,167.5301896,0.3399528,0.2489107,6
99.32998613,0.264970936,0.282541,164.0415075,0.356,0.2480472,8
103.2218996,0.366960665,0.2471956,159.4876619,0.335272,0.246,6
99.54739119,0.324731534,0.2573924,148.3542692,0.354,0.248728,8
101.6690672,0.344296985,0.2463269,145.5986111,0.34015,0.25,6
97.66663026,0.367930767,0.2624023,152.5415533,0.3524847,0.26185,6
96.82762053,0.397130604,0.2673025,154.2854819,0.3721426,0.2475153,8
100.9624923,0.631987731,0.2116136,132.944472,0.3144227,0.2798574,6
120.4830406,0.085911673,0.2428336,187.0701295,0.2664181,0.2315773,8
101.4416721,0.367276434,0.25075,152.2775483,0.339891,0.2515819,6
106.5140817,0.183057937,0.2643442,154.1610187,0.3231968,0.240109,8
94.81620826,0.511189317,0.2541655,149.2310496,0.394,0.2388032,8
79.70014679,0.627914791,0.306503,120.4619124,0.4968217,0.256,6
94.47051481,0.194464918,0.3220407,152.6209339,0.3819405,0.2531783,8
99.34536373,0.20327353,0.2760921,151.7324887,0.3358942,0.2680595,6
96.01533173,0.302753756,0.2897994,147.1673645,0.3747944,0.2501058,6
101.113683,0.216241282,0.2839716,155.4788172,0.3421859,0.2512056,8
99.36818396,0.405273991,0.254394,154.3797768,0.3580009,0.2458141,6
81.62426853,0.274235704,0.3471849,149.7304927,0.4510764,0.2839991,6
141.8407526,0.18556663,0.2066015,156.3127123,0.290086,0.1329236,8
113.2259197,0.274988919,0.2401794,152.8644879,0.324,0.205914,6
106.5498501,0.375779699,0.2365152,138.4976946,0.3431167,0.22,8
110.386871,0.268698429,0.2486256,157.8598088,0.3166596,0.2268833,8
110.4280116,0.287101569,0.2402518,150.9101425,0.316,0.2273404,6
92.85592799,0.202699206,0.3508558,141.4561666,0.4261623,0.22,6
111.719465,0.244922543,0.2582206,150.7574032,0.3592218,0.1778377,8
108.0045405,0.319635945,0.2448684,142.627358,0.332754,0.2227782,10
97.95257887,0.370820213,0.2831301,149.5091432,0.3832953,0.229246,8
95.86393457,0.376552992,0.2726958,139.2145276,0.3891824,0.2367047,6
102.6872043,0.223177221,0.2814259,155.6075783,0.3554811,0.2288176,10
98.08716941,0.288049868,0.2904471,158.9721997,0.3911819,0.2205189,8
100.5175481,0.364676422,0.2672819,150.4785472,0.3680926,0.2288181,8
101.3444353,0.244393339,0.2791112,153.9496114,0.348133,0.2439074,8
99.13550535,0.198715011,0.2970588,147.837278,0.3633652,0.241867,8
94.62968644,0.307021074,0.2985378,150.7129179,0.3874157,0.2466348,8
90.31051011,0.282616584,0.3237955,142.5623448,0.4117902,0.2525843,6
92.9172725,0.232038423,0.3160612,150.1365476,0.3955259,0.2502098,6
101.8790746,0.321299376,0.2490999,148.8279437,0.3444594,0.2444741,6
92.97977876,0.428951051,0.2752237,150.650755,0.379761,0.2655406,6
85.64795749,0.45988436,0.295663,139.3897735,0.4283031,0.272239,8
81.34962278,0.542463966,0.3070554,124.6040449,0.4718603,0.2656969,8
93.61829077,0.23110082,0.3132445,151.8719091,0.3767607,0.2641397,8
89.34067475,0.293557696,0.3247335,141.8655525,0.4103473,0.2612393,6
96.69946981,0.293295501,0.2699116,143.5445771,0.3428264,0.2776527,8
87.06079281,0.497086233,0.2931029,139.3558215,0.426,0.2631736,6
90.68971798,0.348208693,0.2663608,120.1661837,0.3715965,0.29,10
100.7517254,0.17650902,0.2815398,157.3081706,0.3391198,0.2564035,8
96.63700018,0.170585806,0.3280399,170.1716201,0.4,0.2208802,8
90.61301973,0.519509754,0.2684402,146.8335498,0.3921565,0.27,6
90.38274834,0.364770804,0.3039021,146.7706063,0.398,0.2658435,6
97.68998993,0.267264048,0.2775685,145.4095411,0.3521878,0.262,8
92.66085848,0.199351137,0.3159824,143.1237762,0.4017104,0.2458122,10
116.3124532,0.168150957,0.2507364,170.4520669,0.3135623,0.2022896,8
104.9165101,0.264165475,0.2737693,165.8152781,0.3494456,0.2224377,6
97.85820998,0.509053566,0.2516543,143.851052,0.3605776,0.2525544,6
96.73019691,0.483196971,0.24848,142.5210318,0.3488596,0.2714224,6
91.21593579,0.470822841,0.2774557,139.6585815,0.3906394,0.2671404,6
99.16162154,0.407985781,0.2608334,134.236905,0.4077122,0.1973606,8
87.42687834,0.604993774,0.2874323,123.5957764,0.434,0.2522878,6
94.37050079,0.359312156,0.2695027,135.4773974,0.3777919,0.258,8
102.8258955,0.14216278,0.2799561,160.3475907,0.3233025,0.2602081,6
115.8486785,0.226455412,0.2194759,178.8738796,0.2672195,0.2506975,6
110.927403,0.176948573,0.2684558,175.9106612,0.3361138,0.2047805,10
106.0541919,0.277835953,0.2474054,160.9766818,0.3258623,0.2398862,8
107.9765324,0.387736434,0.2361668,145.7146609,0.3355386,0.2201377,8
101.4822669,0.276005352,0.2609955,143.0310234,0.3547749,0.2364614,8
107.3552672,0.34359586,0.234982,142.3070345,0.3276669,0.2312251,6
98.83996475,0.330722324,0.2759139,156.1842043,0.3567088,0.2503331,8
91.09728963,0.442679903,0.2784056,140.8445739,0.4093453,0.2492912,8
99.61935445,0.287786039,0.2738155,152.5068872,0.3476379,0.2546547,8
96.04811626,0.374485227,0.269857,149.6117512,0.3743248,0.2503621,8
94.96368035,0.432860355,0.2683708,148.4118517,0.3861453,0.2456752,6
86.83588279,0.435324657,0.2990225,139.1501763,0.4211039,0.2698547,8
96.61384573,0.285287229,0.2827168,154.0001164,0.3621329,0.2588961,8
93.72734434,0.270780454,0.3063069,160.1497387,0.3822876,0.2578671,6
101.1801484,0.350293955,0.254,158.102633,0.3352893,0.2577124,6
108.8505473,0.261009695,0.2273229,157.467939,0.2885038,0.2627107,8
80.09315368,0.662830207,0.3136449,126.3389851,0.4956315,0.2534962,6
88.97666602,0.612648145,0.26683,135.5786254,0.4179656,0.2563685,8
100.6545904,0.457360519,0.2226047,141.2293794,0.3120636,0.2840344,8
107.638436,0.21318159,0.2509393,178.8932724,0.3094853,0.2479364,6
97.73457765,0.244790248,0.2839344,163.6872213,0.3593929,0.2545147,6
90.42883161,0.537857193,0.2691,140.6916166,0.3908981,0.2726071,6
86.17771252,0.614273888,0.2557446,126.1385429,0.4371338,0.2591019,8
86.01831129,0.390322249,0.3022832,134.4208068,0.4226597,0.2748662,8
91.83463093,0.273221287,0.3083605,148.917762,0.378008,0.2753403,8
93.66847915,0.251503942,0.2901363,148.8271818,0.362565,0.277992,8
91.37503436,0.276735536,0.2907544,144.3642024,0.3671995,0.289435,6
103.8140593,0.196128358,0.2609018,159.0733472,0.3131559,0.2648005,8
92.9798508,0.299674463,0.2922603,163.8453471,0.392457,0.2528441,8
89.65104228,0.601183232,0.2573891,131.9380358,0.4057186,0.263543,8
93.30419547,0.581994148,0.2524593,136.1163524,0.3787765,0.2642814,8
92.99103334,0.591433035,0.2456145,134.5551543,0.37,0.2752235,8
96.2423768,0.419814608,0.2576747,134.2788503,0.359426,0.264,8
92.82221297,0.32366595,0.28576,149.5202044,0.369823,0.276574,8
97.76027941,0.199922175,0.2913968,154.2006667,0.3455692,0.268177,6
102.8330153,0.252913,0.2639793,156.752031,0.3370394,0.2464308,8
100.2640621,0.442469435,0.2327382,145.7963438,0.3274592,0.2709606,8
112.6485553,0.190590389,0.2200407,155.2423652,0.2740892,0.2585408,10
107.3787452,0.239455666,0.2448439,156.6045254,0.314859,0.2439108,6
106.5217592,0.231703455,0.2452456,146.4783585,0.3181242,0.245141,8
99.9733571,0.304308708,0.272044,153.6440001,0.3502841,0.2498758,8
93.72965774,0.616052396,0.2439637,136.6100113,0.388423,0.2517159,6
92.51361338,0.610733071,0.2549559,129.0560686,0.3889762,0.259577,8
89.89159972,0.449937555,0.2912284,130.6252978,0.4064468,0.2610238,8
91.80583922,0.458505525,0.2770809,136.0322484,0.39,0.2635532,8
95.48859365,0.26049379,0.280913,141.407617,0.3623473,0.266,8
96.20247157,0.332405073,0.2688224,152.3775832,0.3640319,0.2596527,6
95.47599718,0.308007139,0.2828817,152.4220905,0.3624621,0.2659681,6
96.94171509,0.198709078,0.3039247,165.4885011,0.3633907,0.2555379,6
89.9528647,0.542457691,0.2675275,140.7644621,0.4004067,0.2666093,6
90.41682609,0.517819388,0.276144,137.9568787,0.402,0.2615933,8
93.14792962,0.247723882,0.2916728,138.3008084,0.3681367,0.276,8
96.24182105,0.407980691,0.2612147,146.7776757,0.3595663,0.2638633,8
93.81377871,0.366984475,0.282102,149.5026164,0.3751312,0.2644337,6
96.28410744,0.43695496,0.2568891,146.0071378,0.342287,0.2808688,8
94.32482136,0.519698233,0.2438412,146.3513474,0.3603868,0.275713,8
92.19549748,0.43642834,0.2691861,148.8335874,0.3911778,0.2596132,6
102.8969434,0.454960912,0.2266299,149.0575776,0.3282855,0.2548222,8
99.44272298,0.227543856,0.2718489,140.7449638,0.3456479,0.2577145,8
94.77608439,0.531469869,0.2552704,144.8020965,0.376719,0.2563521,8
90.73298643,0.602049052,0.2548808,133.8764502,0.386,0.275281,6
92.8698406,0.414388639,0.2668764,141.476135,0.3720655,0.274,8
92.69386923,0.294355866,0.3013318,146.4759833,0.3813575,0.2659345,8
94.47606331,0.39206752,0.2695898,137.7785359,0.366439,0.2686425,8
96.89883358,0.3005885,0.2607871,136.7036446,0.3296415,0.289561,8
131.9584146,0.130344905,0.2353941,180.0744799,0.2883302,0.1663585,8
111.1790951,0.288449428,0.233767,155.3907834,0.312,0.2276698,8
100.9740801,0.270270403,0.2642354,155.7550994,0.3342119,0.26,8
99.57274993,0.318564253,0.2626697,146.4384501,0.3467864,0.2557881,8
96.45785845,0.384685273,0.2610461,137.224066,0.3728197,0.2492136,8
98.78562827,0.509313381,0.2233401,121.1609049,0.3501955,0.2571803,8
101.3848323,0.143801379,0.2802475,130.5188587,0.346,0.2458045,10
93.14557256,0.21300191,0.3180315,139.1415946,0.396153,0.248,8
102.6526471,0.237435609,0.2699027,151.3893729,0.3326484,0.251847,8
96.8289175,0.271089591,0.2834792,156.3726593,0.360298,0.2593516,8
93.56302015,0.378609225,0.2791462,153.6541752,0.377577,0.263702,6
89.29376667,0.73905605,0.2473879,125.5309294,0.3955164,0.276423,6
98.78969452,0.418492026,0.2641431,146.9712288,0.3788672,0.2284836,8
86.30945103,0.571900131,0.2715494,126.4502363,0.4340402,0.2611328,8
76.32292433,1.529040998,0.2247964,119.0092251,0.5261736,0.2599598,8
116.4406424,0.101163754,0.2893866,92.5289486,0.3774576,0.1378264,8
101.7647535,0.144170205,0.3248709,83.87541393,0.4750527,0.1145424,10
105.2867828,0.067669129,0.2190602,117.8868662,0.2329248,0.3369473,10
124.5931256,0.105139985,0.2390229,182.356319,0.2863897,0.1951778,10
114.1100934,0.35010766,0.2144541,183.1338996,0.2901977,0.2356103,8
94.57826919,0.356539378,0.2507103,103.5372437,0.4045929,0.2298023,12
89.36455989,0.258038092,0.3036478,111.3002781,0.462,0.2094071,6
117.1887818,0.147068854,0.21113,131.8938683,0.2519944,0.26,10
114.2758104,0.190207903,0.2336305,163.245739,0.2910399,0.2340056,8
120.3447395,0.09845595,0.2372901,189.5242044,0.2736076,0.2249601,6
81.59750507,0.177198517,0.38654,119.2136747,0.5389242,0.1963924,10
96.73227103,0.264398267,0.264442,97.38227351,0.3971929,0.2230758,8
105.8716599,0.134388131,0.2674142,131.761438,0.3279168,0.2388071,8
124.1666092,0.070895937,0.2602045,175.4157988,0.3011385,0.1820832,12
133.6965721,0.091772235,0.2289143,172.6945884,0.2699159,0.1788615,10
121.6838366,0.145211706,0.2399936,164.1837974,0.3050811,0.188,10
110.4344343,0.14501613,0.2654545,156.9569593,0.3263899,0.2169189,6
102.235272,0.187798648,0.2880326,144.8120716,0.3712715,0.2156101,8
109.7436845,0.277589586,0.2302012,148.7720906,0.306,0.2407285,10
113.3618262,0.134043723,0.2575168,165.6142556,0.3172787,0.212,8
118.1994908,0.092643607,0.2703139,156.8669742,0.3228951,0.1847213,8
43.97983173,2.888773426,0.4085372,287.7046854,0.926,0.4382617,8
95.72678809,0.905526495,0.2160074,120.0472345,0.4107838,0.216,6
106.6196782,0.360521577,0.2364164,143.7433108,0.3395317,0.2232162,8
103.641818,0.259287065,0.2668852,161.9140878,0.3464486,0.2324683,8
114.9896921,0.114727984,0.2613789,187.548955,0.2982345,0.2235514,8
111.1593831,0.168083666,0.2689247,169.0979207,0.332,0.2077655,6
105.3960864,0.302320661,0.2380874,158.6245374,0.3212811,0.248,6
115.3508531,0.208991742,0.245375,182.0626084,0.3174333,0.2027189,8
104.4265183,0.30611433,0.26571,163.8177229,0.35,0.2245667,6
94.33962264,0.316287928,0.2876216,143.9140064,0.394,0.242,6
104.1953204,0.246063047,0.2565932,153.0120673,0.3318416,0.244,6
112.9695012,0.140957747,0.2719258,181.5141366,0.3229584,0.2081584,8
107.5782417,0.245411693,0.2751949,153.9147775,0.378692,0.1790416,8
104.1321187,0.224644899,0.2876278,155.3366608,0.3808831,0.195308,6
108.9756723,0.17878546,0.2695849,161.2384958,0.3334647,0.2171169,10
110.1856941,0.238015344,0.2452068,157.182799,0.32,0.2245353,8
94.92113398,0.143051695,0.3234225,133.4298807,0.4201037,0.212,8
120.9201053,0.073619619,0.2664233,164.7787569,0.3062991,0.1898963,8
