,time,frequency,sensor
0,0.5624297,0.3439611825946084,0.517273204609978
1,1.3115267,0.19958881225723332,0.5411006220986283
2,2.0330147,0.21512048983141838,0.5320046216802
3,2.6122902,0.32629601762434207,0.5284968668945949
4,3.2817347,0.25000339451833337,0.527125865925648
5,4.2710947,0.10575799941498608,0.5464145920099198
6,4.9003109,0.2790918397359407,0.5392315712282362
7,5.5222893,0.2850914912159158,0.5280828465291342
8,6.1301903,0.29726366826669254,0.5162481216467986
9,6.7704869,0.2702262304208684,0.4989653563434627
10,7.4270692,0.2593317212750327,0.5093058271484786
11,7.9938814,0.3371138055665676,0.5034109411189681
12,8.5917784,0.3063436423243513,0.5646000099450078
13,9.164252000000001,0.33119938279135425,0.5157595652971821
14,9.698365800000001,0.3743879012414444,0.42340192147276534
15,10.142543500000002,0.5149141469918223,0.5351077834288144
16,10.699822300000003,0.34741417830827104,0.5129677511910807
17,11.305692600000002,0.2990769629343778,0.5213857219985066
18,11.862763500000002,0.3476437354832506,0.500825686734046
19,12.417595300000002,0.3523717928413821,0.5088248076228846
20,12.960250700000001,0.36410311857716016,0.5503350630476729
21,13.541887500000001,0.3219297070448307,0.503535662253959
22,14.142233100000002,0.3040867287757835,0.5000112329767065
23,14.750354800000002,0.29706749297479984,0.5081342661582325
24,15.346142100000002,0.30830655990459854,0.4881350250022769
25,16.0029092,0.25919455657751445,0.5002096064657632
26,16.571615,0.3372263749948853,0.5135861641169527
27,17.202210100000002,0.27960007828971567,0.47799053304831757
28,17.9255816,0.2151890164301273,0.5137977003075108
29,18.4863939,0.3435452114612901,0.561183259603081
30,19.1485453,0.25523885236706734,0.4929938971597521
31,19.721619599999997,0.33058038432974507,0.4326195700232589
32,20.493541699999998,0.1877317078473467,0.49363204456959436
33,21.1821153,0.2355850290976882,0.503002736548274
34,21.7901737,0.298908372680305,0.4698636556974152
35,22.3685575,0.3251786825863315,0.5004631174520223
36,23.316096400000003,0.11883182380307218,0.47976613448990263
37,23.913848100000003,0.30833983050507563,0.4913262460794064
38,24.401422800000002,0.4386728451055852,0.45816715968768434
39,24.913756600000003,0.40535226351239706,0.5227779137954258
40,25.593670000000003,0.24272458786127304,0.5028192349422105
41,26.314441700000003,0.21554224164321398,0.49307732459643167
42,26.892697000000002,0.32732926396999495,0.5155476451126692
43,27.3494838,0.49448583989338807,0.5036596308646378
44,27.715707300000002,0.7244485044168355,0.5250047097781293
45,28.3983941,0.2394945963355504,0.5176454186149575
46,28.9905295,0.31365083655896525,0.5041322671752787
47,29.319889500000002,0.8643814362394385,0.502001571186663
48,29.964729000000002,0.26824396416586754,0.4916323211801323
49,30.5864754,0.2852866294408807,0.4934487684300499
50,31.2462684,0.2569618772640123,0.5084753082970689
51,31.9073053,0.2560512397055136,0.5032573869172392
52,32.6038172,0.2304379974257083,0.4975670858505162
53,33.2547115,0.2635998432567839,0.504388625329888
54,33.9204871,0.2526198259309674,0.509258871516356
55,34.6219939,0.2272706221234165,0.5272301528798057
56,35.2916676,0.24984109300041224,0.4872219362240919
57,35.8888919,0.3088332949330757,0.5148642196929081
58,36.418039699999994,0.38308987799708616,0.5268190671571726
59,37.03925279999999,0.28742906834485243,0.5156356914400456
60,37.66948889999999,0.27989440266860466,0.5099251098563005
61,38.16737379999999,0.42903501241212594,0.5173925820401487
62,38.96100849999999,0.17813368598196475,0.5225592341390687
63,39.66210639999999,0.22879141425715463,0.5254486339045576
64,40.20311939999999,0.36604879822740055,0.4966668292857636
65,40.82487999999999,0.28527468051595695,0.5051192932992307
66,41.47223999999999,0.26629786004677986,0.5376070806661001
67,43.08767929999999,0.0024672019040345083,0.5132766802285826
68,43.77138529999999,0.2388119442210984,0.5051806684622806
69,44.45419489999999,0.23941221639310425,0.5311552666430644
70,45.09888619999999,0.26681237066243907,0.5204603717378136
71,45.73464839999999,0.2738088163648971,0.5115982921099962
72,46.35322919999999,0.28796716181170134,0.5276109146885327
73,46.99950149999999,0.26559800117595117,0.5240033396064037
74,47.695714299999985,0.2306293861154405,0.5279160144347866
75,48.36019049999999,0.2535548612048477,0.5396567601084123
76,49.01976449999999,0.2556593201152891,0.5311330378494666
77,49.691567099999986,0.2469401420405317,0.5336637047020428
78,50.336588699999986,0.2665580695997899,0.521275408459977
79,50.953748199999986,0.2891816324312452,0.5054880946897227
80,51.62588809999998,0.24810317472043303,0.5121465222873863
81,52.22711899999998,0.30511134473818474,0.5236567402391626
82,52.86007239999998,0.27605938571725036,0.5069434389212469
83,53.463875799999975,0.30093800146653576,0.5263174757654273
84,54.08055269999998,0.2895955638666947,0.5283842637379376
85,54.63362009999998,0.3543666981909783,0.5151047324650152
86,55.26316399999998,0.2804630600673708,0.5183059884221571
87,55.97953769999998,0.21815371180886206,0.5034573041549725
88,56.75241869999998,0.1872515454610597,0.5161563013974035
89,57.431139799999976,0.24217421198415479,0.5313251223493108
90,58.103473699999974,0.246569964607383,0.5151876458979013
91,58.777574199999975,0.24534414932386203,0.5295025277720958
92,59.47185869999998,0.23186800071151623,0.532482130365498
93,60.144958699999975,0.24603742983376617,0.5355010041103033
94,60.799506699999974,0.25935719049332884,0.5183315022239549
95,61.44626659999997,0.2652249267701052,0.5210111640790928
96,62.08987209999997,0.2676505708540813,0.5404300310477647
97,62.682602699999975,0.3111812416438378,0.5260816425333962
98,63.38601869999997,0.22607412237667146,0.5365945387234891
99,64.10046179999998,0.21931214445715436,0.5267247409342256
100,64.84672209999998,0.20221152729499356,0.5260521502486211
101,65.61112679999998,0.19154500188952941,0.5174355641239644
102,66.25059679999998,0.27087471623670334,0.5160231365360125
103,66.89227739999998,0.2691449948090266,0.5302566836935679
104,67.56217869999999,0.24827064199885313,0.5224305704444733
105,68.17149049999999,0.29601264946569966,0.5380622920079355
106,68.83574039999999,0.2522796230306361,0.5444599008619915
107,69.5184867,0.23945467668975493,0.5382295735943375
108,70.1819558,0.2528399820815598,0.5402287856326533
109,70.8613076,0.2417455383215288,0.5290529279679496
110,71.5726662,0.22117848247018518,0.5323969376369536
111,72.2403739,0.24981702804540792,0.5298477351311914
112,72.93030119999999,0.23601033782068115,0.51927844752077
113,73.58641869999998,0.25819507961042065,0.5363133844830742
114,74.26016199999998,0.2455913812221543,0.5356906018802681
115,75.01113869999998,0.19965356126444245,0.52137881744688
116,75.69502549999997,0.2400321449888402,0.525228529405496
117,76.39074439999997,0.23094585392127226,0.5237692995453459
118,77.11832089999997,0.2127321058476072,0.5347087735280119
119,77.70357649999997,0.3183680164950876,0.5235402354644797
120,78.23768419999998,0.37439539559961693,0.5281853190020902
121,78.84471969999997,0.2980346842106382,0.5167422499958136
122,79.43579819999997,0.31275027787006693,0.5467492223469603
123,80.09307559999996,0.2588162808877306,0.528516042356791
124,80.73977999999997,0.26526735698057796,0.5195012977634897
125,81.42018919999997,0.24238655769046463,0.5248768881460392
126,82.07420009999997,0.2612500667264303,0.5339449302993754
127,82.69132879999997,0.28920802634640713,0.5384273835037332
128,83.35176049999997,0.25503505584757724,0.5372157093103392
129,83.92817869999998,0.3292013872650508,0.5434365476687054
130,84.59953869999998,0.2486510994802616,0.5287505687433932
131,85.36639159999999,0.19131517991993588,0.542824585703841
132,86.03625869999999,0.24829465765602377,0.5280598782215807
133,86.68054829999998,0.26867101244991826,0.5522926360179429
134,87.28933409999999,0.29825762822622237,0.5247348202346623
135,87.81203579999999,0.3914075284788271,0.5362181441003245
136,88.4247791,0.2929992918328493,0.5398843597642212
137,89.0987581,0.24542820901749415,0.5514042135474092
138,89.7461009,0.26631107766595286,0.5305813688732064
139,90.4040809,0.2582966204608715,0.5330916944806569
140,91.0518067,0.2644879045823587,0.5385611209004427
141,91.7148873,0.25311939096588626,0.5141285873503337
142,92.3713971,0.2593855588592267,0.5219913159399284
143,92.9683859,0.3071865551714033,0.543289767684206
144,93.6147788,0.2655056637960686,0.5272236469527906
145,94.3029552,0.23584630000405885,0.5174009674557115
146,94.9892987,0.23705664084257938,0.5048689742218956
147,95.6449455,0.25854289576369976,0.5307795663847296
148,96.31953770000001,0.24639025080461666,0.535060371981256
149,97.0521216,0.20985003468933414,0.5372343513436422
150,97.7433235,0.2338652332088497,0.5123248130300885
151,98.4130428,0.249808818506163,0.537469473653151
152,99.0635088,0.2639249012101354,0.5260101820399278
153,99.7457884,0.23976801952040863,0.5254525995154168
154,100.4340769,0.23577252615843172,0.5289248537326064
155,101.08979889999999,0.2599714998609927,0.5232880219357546
156,101.8024816,0.22159002368566907,0.5337453260877797
157,102.50146249999999,0.22886559770978224,0.5392136028678116
158,103.15892769999999,0.2572025471131632,0.5182160798201726
159,103.81664199999999,0.257019632213564,0.5204047978927108
160,104.48832039999999,0.24842721953080557,0.5357991911084863
161,105.123582,0.2742081512917666,0.5164107167087256
162,105.7993007,0.2442280652183811,0.5351398257691882
163,106.4817451,0.2410051772930022,0.5357130156164319
164,107.1838376,0.2269027374020183,0.5423885201402989
165,107.9164485,0.2086966224816766,0.5263666159985436
166,108.6027981,0.23705260023263747,0.5411221134571721
167,109.2866559,0.2400516593188144,0.5408521916153857
168,109.9693714,0.24082191767105124,0.537739392408213
169,110.6202827,0.2620760048069111,0.5213292729760054
170,111.2993155,0.24332643575153645,0.5207801721557659
171,111.9699865,0.24773092424088103,0.5220285538006175
172,112.6911937,0.2164668748566961,0.533795202749376
173,113.4120187,0.2155108247862772,0.5114400236463584
174,114.0587064,0.26681514402806805,0.5192541489624531
175,114.7453029,0.23688911411677163,0.5455334579101979
176,115.4415981,0.2318611051770294,0.5242865631902339
177,116.27945869999999,0.1585058225530723,0.5148180095663788
178,116.9397099,0.2566259534881417,0.5555458396123737
179,117.5699316,0.27827164086575956,0.5300107946862836
180,118.2615387,0.2349068996969929,0.5199130452445399
181,118.9299622,0.25072802228823265,0.5428820528098565
182,119.6796577,0.1992670458767389,0.549843093892305
183,120.3918407,0.22067777996025087,0.5170961418572066
184,121.0890052,0.23002109144597035,0.5445971347371331
185,121.8293927,0.2043407344791619,0.5333109306293661
186,122.5196981,0.23576140659706296,0.5390804371134962
187,123.1777707,0.2567568247372154,0.5295538843187454
188,123.8273026,0.2631168988414986,0.528165187264424
189,124.4747768,0.26467962893234076,0.5093292751744829
190,125.1318759,0.25894837008328353,0.5369976503462048
191,125.72573609999999,0.31200652942789475,0.5302870776052037
192,126.35385869999999,0.2799875407758005,0.5363283873354522
193,126.98699729999998,0.2759102438210508,0.5421066420272951
194,127.66919769999998,0.24117026740088324,0.5318025994043728
195,128.3762103,0.22384102983132817,0.5546138986244519
196,129.085371,0.22252015600000202,0.5355689955121113
197,129.7952337,0.2233171591519817,0.5303906492863787
198,130.5113469,0.21830958851411117,0.5326187075444925
199,131.2433787,0.20902537324150375,0.5343150367296325
200,131.9487705,0.22484400948200217,0.5491302650559993
201,132.5640987,0.2924897903845701,0.5420181152632213
202,133.1856062,0.2871789898591488,0.5410725423549932
203,133.8526839,0.25026341376720607,0.5413821472513438
204,134.4242836,0.3362822826940015,0.5342361200431808
205,135.1144574,0.23584801165384317,0.5412955078260525
206,135.7628987,0.26546861792398985,0.5270493132057855
207,136.4375503,0.24496332899589826,0.5293830368418814
208,137.1581067,0.21566920310284704,0.5392473108835865
209,137.7724955,0.293308674887509,0.5240213092840288
210,138.42710939999998,0.259308260218491,0.5321921180901565
211,139.13309119999997,0.22447827211624186,0.5366676258783288
212,139.81967919999997,0.23689473986955695,0.5427817544598595
213,140.56225459999996,0.2042368229828853,0.5145635614003866
214,141.14776069999996,0.3200830609427206,0.5401505137993783
215,141.78533549999997,0.27395821816217564,0.532160608842351
216,142.49152129999996,0.22435198302831247,0.530959674905399
217,143.23652259999997,0.20180711240760468,0.5505432642406799
218,143.94939469999997,0.22147460803242414,0.5334529519549223
219,144.67494389999996,0.21391239563292286,0.5147214191566122
220,145.39880799999995,0.21372854726434343,0.5310179774224755
221,146.19212209999995,0.1773417152688427,0.5351252165715809
222,146.83066519999994,0.2716043180130278,0.5440228184187913
223,147.48201869999994,0.2632519103836338,0.5257806334309726
224,148.14306039999994,0.25604773375957673,0.5493458849438703
225,148.87473869999994,0.2103677950471888,0.5272606190481807
226,149.59960509999993,0.2131446340347202,0.5331948862021808
227,150.35345869999995,0.19811181432527947,0.529847935367707
228,151.05398109999996,0.2291565933974453,0.5203725317146847
229,151.81857709999997,0.19247566672921138,0.5517292235412793
230,152.52148159999996,0.22764969817802957,0.5216555237924815
231,153.16768749999997,0.2671866590274395,0.5505711026920308
232,153.78212579999996,0.2932654482995319,0.5316522500873222
233,154.42528339999996,0.2679973350785857,0.5426429253251465
234,155.08199919999996,0.2577538455122426,0.5359909316472494
235,155.81633869999996,0.2077189558911609,0.5307295558312092
236,156.49513459999997,0.24212332212042792,0.5200565775378654
237,157.21884659999998,0.21381732428942998,0.5236329953060054
238,158.13133789999998,0.12963982195674423,0.5404628998256019
239,158.84969449999997,0.21816393991315444,0.5356340787179383
240,159.55553019999996,0.22456877061443103,0.5272764515099241
241,160.26687929999997,0.22118426010379638,0.533732541166057
242,161.01385869999996,0.20181905114672602,0.5443604256436435
243,161.70135239999996,0.23629621233338588,0.5386185619013647
244,162.42775789999996,0.21341290418227046,0.5218239459178001
245,163.15476749999996,0.21190246296242807,0.5340415199578814
246,163.83548149999996,0.24082293117651432,0.5400380656498359
247,164.57831159999995,0.20409606943932315,0.5259070414144443
248,165.27914969999995,0.22895617957930786,0.5242649194475937
249,166.08122049999994,0.17327480906498807,0.5402936733274251
250,166.79958189999994,0.216968741556722,0.5333656181190825
251,167.49875719999994,0.23001419989880834,0.5437329999336277
252,168.23704659999996,0.2066226381870773,0.5352110508028988
253,169.09212829999996,0.1507050212167277,0.5468901688097171
254,169.87417869999996,0.18370528883059786,0.5235334267367268
255,170.65338709999995,0.18411781614774908,0.5477828617961188
256,171.36511279999993,0.22217431647236327,0.5389781316267727
257,172.10047189999995,0.20714483545870896,0.5294165768691808
258,172.84416839999994,0.2025198688604199,0.5389715953333974
259,173.58508559999996,0.204047962003327,0.535673728325277
260,174.28969549999997,0.2253298294834243,0.5294656306405726
261,174.96386089999996,0.24529926364629087,0.5424656559265517
262,175.67882159999996,0.2202067032734574,0.5329549672468852
263,176.40041869999996,0.2150563397566401,0.5388772956446038
264,177.15102179999997,0.199854800096326,0.5249045624543558
265,177.88885039999997,0.20576206899465496,0.5278054102911923
266,178.66697529999996,0.18563748606705116,0.5390872778710307
267,179.38880019999996,0.2161012388052337,0.5247909869567683
268,180.10721869999998,0.2181269181825148,0.536431263376843
269,180.82477519999998,0.2186431559622767,0.5369999852059479
270,181.56194289999996,0.20613105900248313,0.5276577887547615
271,182.28667849999997,0.2132207260022312,0.5240121002952582
272,183.06061159999996,0.1877261917459929,0.5282765762728534
273,183.80723629999997,0.20201253039084213,0.5327071220056206
274,184.51060939999996,0.22610092263647721,0.5369334701306357
275,185.12376749999996,0.29263784011626304,0.5385852963516432
276,185.74557139999996,0.2869275060227012,0.5300814709093113
277,186.36673849999997,0.287468169501615,0.5352788193996445
278,187.03296999999998,0.25086458816206525,0.5496685923785444
279,187.66702169999996,0.27678704711634167,0.5222350601012626
280,188.34496029999997,0.24407689413635095,0.5394676702378861
281,189.07912859999996,0.2078155407506447,0.5284813139079604
282,189.81847979999995,0.20491494462642146,0.5498650830499465
283,190.55719739999995,0.20526695762027716,0.5435385949613116
284,191.26309139999995,0.2245326527015746,0.53076309487476
285,191.99175039999994,0.21210507227408812,0.5480326353823429
286,192.69459349999994,0.22768838610295097,0.5403716090007685
287,193.43910269999995,0.20207557945650245,0.5196024834961204
288,194.19441869999994,0.19627461782042202,0.5376511900178449
289,194.89694859999994,0.22662847869137576,0.5463251230759917
290,195.59804209999996,0.22753066167139724,0.5181487082190438
291,196.25903009999996,0.256086959973344,0.5277321992123293
292,196.95505159999996,0.2320375722099697,0.5213218064131908
293,197.63175579999995,0.24355149993645323,0.5346796457568126
294,198.35356949999996,0.21492904861774426,0.540820640341709
295,199.11373829999997,0.19373275924080496,0.5329972238281583
296,199.82329869999995,0.22227542959161006,0.5153394164529296
297,200.53352979999994,0.22186551266724933,0.557757915963308
298,201.20472059999994,0.24736728022063206,0.45074937950595234
299,201.75665609999996,0.35338318176002453,0.52095009595646
300,202.33441969999996,0.32580328142684095,0.5029427153114057
301,202.94011779999997,0.30103323400669507,0.5218543859905915
302,203.61939049999998,0.24179924831132976,0.4897985234769631
303,204.29190759999997,0.24644248512176378,0.5005228280136743
304,205.03643899999997,0.20315881159436017,0.5030434154297162
305,205.67432349999999,0.27531064441948117,0.5276193441473986
306,206.34315899999999,0.2504352946516773,0.4767299073722772
307,206.9984672,0.2587934719400331,0.47403397786597573
308,207.642306,0.2674701817434903,0.5123444392853832
309,208.32090589999999,0.24225669849691786,0.5227699793255427
310,208.98073399999998,0.2569361242206883,0.5159177891278026
311,209.6736288,0.23276576428574133,0.5144698345465983
312,210.40213129999998,0.21104231193163028,0.5154902677186165
313,211.24399179999998,0.15602659654491766,0.5209904882842267
314,211.96647519999996,0.21453605306605106,0.5176421916897432
315,212.68739899999997,0.216634877850325,0.5250850158922282
316,213.44958089999997,0.1926894714701563,0.5257029706668931
317,214.25336129999997,0.17249284969068385,0.527965453763405
318,215.04931889999997,0.1761029896076475,0.5290805052231468
319,215.84374269999998,0.17682054650951473,0.522534650727877
320,216.62220279999997,0.18448531293869427,0.5207322783558577
321,217.37190479999998,0.20034115099191893,0.5193951249843541
322,218.0780686,0.22436559829251163,0.5154035304492827
323,218.77457619999998,0.23172427541479299,0.5336166405817478
324,219.48626579999998,0.22219639356472098,0.4952292691359286
325,220.22249029999998,0.20778382886792235,0.4968302473833417
326,220.93685419999997,0.21935982633685094,0.49571676268289827
327,221.66867399999998,0.21028679471911782,0.5221101007841668
328,222.40732479999997,0.20642019703177794,0.5038200826618643
329,223.03043899999997,0.2841387188714626,0.4960973156172716
330,223.65736869999998,0.28262456237113215,0.5485954204008333
331,224.2944571,0.27275458001661607,0.5112652512722801
332,224.9714692,0.2447146214249521,0.5246267591542647
333,225.6501977,0.2421691767179215,0.5210526799970806
334,226.32465480000002,0.24509764674352108,0.5180017641806836
335,227.0041055,0.24167840445911828,0.5243638697938701
336,227.691959,0.23605896397138323,0.5332446167665269
337,228.373319,0.24173997092867885,0.5205780278064308
338,228.9642439,0.3128967069354774,0.5121285220749889
339,229.5941076,0.2802001474706416,0.5148953223358678
340,230.3323086,0.2055544965148434,0.5077534730764133
341,231.06243560000001,0.21125826721807292,0.4666787577510247
342,231.78859200000002,0.21355806313974382,0.4324336915282602
343,232.51030300000002,0.21616860378748803,0.49750576280168285
344,233.27461510000003,0.19159252351501807,0.50192483359228
345,234.01516090000004,0.20425318808749712,0.4978575278145488
346,234.76269670000005,0.2004310051384231,0.5074328112914609
347,235.42589680000006,0.25447744696330193,0.5121397854597296
348,236.14182910000005,0.21961988962753837,0.5451067563390146
349,236.85027650000006,0.22419016288923801,0.5395513501492122
350,237.60099900000006,0.1987163168313901,0.5342399339695502
351,238.31794930000007,0.2190070852937382,0.5250497711342408
352,238.94441960000006,0.28134808087655633,0.5494890284074904
353,239.61707900000005,0.24773904714643305,0.5383527223579655
354,240.34496600000006,0.21139643284285695,0.5327236512821195
355,241.01455690000006,0.24989970993708535,0.5383861408426683
356,241.73427210000006,0.21616611928541546,0.5346867096890255
357,242.43651900000006,0.22680587912079947,0.5431539694543995
358,243.13901520000007,0.22664959483846064,0.5442952465068595
359,243.80090570000007,0.25542873203561095,0.536596895520299
360,244.46907680000007,0.2509075693483262,0.5441451399055488
361,245.12331910000006,0.2610766851579042,0.5393337992793261
362,245.80274210000007,0.24305952060569277,0.5424892052112233
363,246.43533810000008,0.2763475011064834,0.5418601772604017
364,247.06059440000007,0.2840198164839365,0.5514734379472359
365,247.68886170000007,0.2815158403171378,0.531716234357979
366,248.63058520000007,0.12067103644433383,0.5475489134319793
367,249.29713940000008,0.25063511218351764,0.5445570913741496
368,250.0200609000001,0.21427943297530783,0.5408664957005447
369,251.00438630000008,0.10719315881921668,0.5425921882863172
370,251.65961270000008,0.2603409878494379,0.5513670882756528
371,252.4091544000001,0.20042781455362824,0.5514895158450154
372,253.1476349000001,0.20651556271233665,0.5437753884938978
373,253.9788340000001,0.1613071158759973,0.5569402127561541
374,254.7682445000001,0.18014317943051045,0.5442975710798441
375,255.3790441000001,0.2964660162682254,0.5225587584267148
376,256.6464522000001,0.04593997130067454,0.5431825792997192
377,257.41283170000014,0.19053475776808082,0.5537987680652966
378,258.0795979000001,0.2504845018643456,0.5293987001737932
379,258.6470463000001,0.3385606969852536,0.5455340357562891
380,259.2349352000001,0.31581042059702163,0.5408217654867368
381,259.87969700000014,0.26675806547379327,0.5568286179516125
382,260.5621906000001,0.24097190560507295,0.5421743557514495
383,261.2009200000001,0.27145746665367443,0.5357688690534904
384,261.8398382000001,0.2713087510387427,0.5274427887064386
385,262.4994359000001,0.25710523101456245,0.5358759786060555
386,263.1674091000001,0.25104846183203283,0.5385188458491988
387,263.7960796000001,0.2795383139038522,0.5601739663843638
388,264.4025305000001,0.2985569969334465,0.5387247388555964
389,265.0367996000001,0.2766113764609057,0.5533475821849457
390,265.7301596000001,0.23246476041287198,0.5206760398601077
391,266.3861398000001,0.2597792705706994,0.5441090900879292
392,266.92066360000007,0.37634866602879274,0.5348584477739516
393,267.6037562000001,0.2405672947225468,0.5633798910544724
394,268.2935593000001,0.23609217947428138,0.5459067845178691
395,269.0347023000001,0.2039233094584824,0.5484521298020062
396,269.7607575000001,0.2124545476257064,0.5406693212580326
397,270.5273742000001,0.19143625594319494,0.5437253665957794
398,271.29963880000014,0.18756004296713347,0.5398925649748115
399,271.94463360000015,0.2665786916810858,0.5360187405641976
400,272.54776900000013,0.3015428278884124,0.5418559875864554
401,273.17702200000014,0.28070249783316376,0.5555311250249572
402,273.84071670000014,0.25267791182847615,0.557184449982901
403,274.60617770000016,0.19100387167612545,0.5395161200045101
404,275.23286520000016,0.28282593967193087,0.5372478136181733
405,275.9187936000002,0.2373318249750557,0.5408267933826025
406,276.5841536000002,0.25291840696030476,0.5459031410086145
407,277.2281389000002,0.268907711286069,0.5398110263044534
408,277.8482655000002,0.2866540422396268,0.5476468386981802
409,278.5148426000002,0.25204527272878285,0.5393003729509834
410,279.20039870000016,0.23757897531443195,0.5257992804702086
411,279.81696860000017,0.29141209805452445,0.5460601302222258
412,280.5390578000002,0.2147672741154143,0.5475192786266599
413,281.2677397000002,0.2120918314559345,0.5549700335607692
414,282.0027366000002,0.20847783445471416,0.5436743238705011
415,282.7109290000002,0.224347898557798,0.5495338168555179
416,283.31550310000017,0.30024223141603046,0.5611658806031118
417,283.8107395000002,0.4270122247877714,0.5472018740224766
418,284.5185650000002,0.22334005219598374,0.5478046597536742
419,285.3280793000002,0.16989824522014998,0.5376148913305893
420,286.1043300000002,0.18656809450421166,0.5438937047462394
421,286.8862720000002,0.1837583396068669,0.5358591307911774
422,287.6094649000002,0.2152941219851829,0.5345151288728746
423,288.28267560000023,0.24735337206930327,0.5556022569512249
424,289.0027234000002,0.21715517704661452,0.5438444282974395
425,289.7213470000002,0.2180043044293288,0.5404615773998465
426,290.4494728000002,0.2124136492729187,0.5308978539648133
427,291.1926066000002,0.20282815927934383,0.5474523648673877
428,291.8861634000002,0.23233756765215305,0.5265074700845441
429,292.60591990000023,0.21614169025141006,0.5317401257485513
430,293.3127068000002,0.22398036870830548,0.5489137046369247
431,294.0452979000002,0.20984592430120852,0.534128374469788
432,294.7739013000002,0.21213722439371496,0.5344291962270992
433,295.4983661000002,0.21454695629692616,0.5425127765380259
434,296.23676100000023,0.20544651631610938,0.5412775903914727
435,296.9699030000002,0.20953170715897493,0.5520987673606451
436,297.6823150000002,0.22175510835628898,0.5422279977295545
437,298.3919093000002,0.22225468861553882,0.5602426382237976
438,299.1237634000002,0.21026716559043823,0.541205826195874
439,299.8152461000002,0.2336824198047904,0.5433355184221328
440,300.5324834000002,0.21763791705713198,0.48862448077261433
441,301.2313197000002,0.23023064167512294,0.5102149221101168
442,301.9193745000002,0.23592635859851285,0.5112376014571908
443,302.6285634000002,0.2225028792841995,0.5005630046915505
444,303.3307841000002,0.22808101217463042,0.4566190954291581
445,303.9977741000002,0.2517499377443032,0.4922775114751193
446,304.82334210000016,0.16371609167368428,0.4830270893788103
447,305.59436250000016,0.18919326903264352,0.5251346200239542
448,306.37497520000016,0.18441030262365177,0.49959856933342345
449,307.12233390000017,0.20161239354046182,0.46692041464167167
450,307.7736689000002,0.26478578021769344,0.48302774881932775
451,308.4759526000002,0.22804123244768645,0.5057893157721717
452,309.2028034000002,0.21199420369352934,0.47594892917732295
453,310.0330582000002,0.1617084375418128,0.5222410363225817
454,310.8375234000002,0.17309406888857412,0.5567846798429628
455,311.5619078000002,0.21342519529215745,0.5481359874473627
456,312.2387320000002,0.24346927948699854,0.537218330477362
457,312.9236034000002,0.2393707714143371,0.5328435629880711
458,313.6399995000002,0.21934043902129532,0.5445101419806778
459,314.3503234000002,0.2230335730012185,0.5363033864706389
460,314.99025910000023,0.2705091140775015,0.5646589678826913
461,315.6458626000002,0.2600597843064749,0.5602292617425273
462,316.3924034000002,0.20205832738961677,0.552416756437791
463,317.0808578000002,0.23566339887885435,0.5471891792923549
464,317.7257461000002,0.26666066056659504,0.5833274614110633
465,318.4011902000002,0.24719032129680701,0.5434955246193921
466,319.1110856000002,0.22207056990633908,0.48854416044707466
467,319.8372034000002,0.21241828316053996,0.5090218108971282
468,320.5570721000002,0.21607534047829396,0.4416777155205214
469,321.2632142000002,0.22562110355885406,0.5088191489543225
470,322.00560380000024,0.20323673653507413,0.4813613183893372
471,322.78379200000023,0.18461905034931905,0.506979809822423
472,323.5285907000002,0.2019175909553028,0.4705584246675385
473,324.2476741000002,0.21892711648658866,0.580589017876952
474,324.9542516000002,0.22410973927332428,0.4822265026369419
475,325.6540901000002,0.2283225269741514,0.4935314776988588
476,326.40620220000017,0.1990434298519351,0.5215551882906104
477,327.15960800000016,0.19728573784838027,0.4216100939696421
478,327.8661634000002,0.22412339839809609,0.37511465701829416
479,328.60063510000015,0.20877558912911443,0.4392902912683538
480,329.34536770000017,0.20195365087070785,0.4638250313209528
481,330.09754380000015,0.1990091028641293,0.4347143440717906
482,330.8403647000002,0.20299982847311746,0.4513451092927669
483,331.5616959000002,0.21521272745568448,0.46572010085824084
484,332.2879583000002,0.21233454404782046,0.5205017499379229
485,332.9976834000002,0.22340185283025435,0.5836195480000136
486,333.7420864000002,0.2021335721956049,0.5066990301584336
487,334.52851330000016,0.18157775200927814,0.5563157452530954
488,335.25675890000014,0.21234427105413278,0.4751188744499955
489,336.00538550000016,0.19984213490287753,0.4989300345354207
490,336.7311490000002,0.2126236284657211,0.34594610766847805
491,337.5521350000002,0.16570463531908536,0.48875722086489937
492,338.3132034000002,0.19535230345379193,0.4721984883139477
493,339.0666988000002,0.1983030180393901,0.5843849518638508
494,339.81723940000023,0.19988848867718556,0.5374281136986813
495,340.54429720000024,0.21303334711129487,0.6167713771297357
496,341.24294290000023,0.22907829393818896,0.532727756367337
497,341.97211090000025,0.21066022062576756,0.5272953038532194
498,342.74864220000023,0.1864284305877676,0.49743456932593144
499,343.50872340000024,0.19377830532810544,0.4105631638186001
500,344.2946353000002,0.1808621442930071,0.45485529793167406
501,345.0594434000002,0.1913381376310962,0.494300395060971
502,345.8349251000002,0.18695145983283948,0.48987156676620197
503,346.6086140000002,0.18684807767205208,0.47919798794728524
504,347.4120658000002,0.17264284831798565,0.48520866636013976
505,348.2252302000002,0.16826871370103902,0.4778921005492389
506,349.0070972000002,0.1837950545672371,0.4738041409749541
507,349.7756034000002,0.18945361752579815,0.5216441118935671
508,350.4473882000002,0.24695255603251878,0.4818939514380714
509,351.1031245000002,0.259960848629044,0.5070267164420257
510,351.7895155000002,0.23835450563500055,0.4749073828285149
511,352.49405630000024,0.22662164949147398,0.48805309054454277
512,353.21649460000026,0.2145624916392505,0.49643229581537013
513,353.9598097000003,0.2038283620845419,0.5032052971541495
514,354.67896970000027,0.2164948446713576,0.49271660127465094
515,355.30353180000026,0.2829302785369275,0.5924964688080291
516,355.89605380000023,0.31137875667685766,0.5694512657157963
517,356.5935596000002,0.22980342701088355,0.4717777026241022
518,357.2865634000002,0.23269519334936756,0.47538270157206414
519,357.9570770000002,0.2506639688154594,0.46050174743641065
520,358.6750109000002,0.21841695546229353,0.4697431444042531
521,359.4099135000002,0.2096681849854266,0.5122946116918888
522,360.0685801000002,0.25632189568697233,0.5091529951558111
523,360.5840826000002,0.40374405327010704,0.49375756176825125
524,361.26228800000024,0.24252543403776716,0.47260224053402194
525,361.92136900000025,0.25601903082088123,0.500550553576178
526,362.5879215000003,0.250636320342927,0.4866069790884484
527,363.2357989000003,0.2643724689924898,0.5111984323019705
528,363.8912424000003,0.2586933074416007,0.4927427859701876
529,364.5055593000003,0.2916312475868511,0.4303478705270783
530,365.1466728000003,0.26958734970795273,0.44509624010078014
531,365.7560660000003,0.29771570584012913,0.44930432204779563
532,366.41208150000034,0.2582703998130955,0.3217658246719695
533,367.0289006000003,0.2894735147549464,0.44477158116640764
534,367.47626060000033,0.5125729334226831,0.44307258607087713
535,367.99756340000033,0.3932474664507153,0.4683349043960064
536,368.3012839000003,1.0,0.48096516439015863
537,368.84664390000034,0.3609313372809826,0.5008399479259372
538,369.30680150000035,0.48462064957829365,0.3379039615566513
539,369.8043906000004,0.4235248898705897,0.39876621412499036
540,370.1759692000004,0.7408037929600125,0.4596477243294448
541,370.5787681000004,0.614130539337199,0.5489294097919324
542,371.0554598000004,0.45608147792374387,0.43311377708023663
543,371.4008198000004,0.8030918588362412,0.4834364643830898
544,371.89009280000045,0.4422697310462234,0.6241135375080087
545,372.4488499000004,0.3457880609903786,0.5331102141061849
546,373.0096044000004,0.34579091156511466,0.5048456195344269
547,373.5844446000004,0.32877002324564825,0.48785418678640274
548,374.13752140000037,0.3589385089651145,0.3145815881183552
549,374.83442730000036,0.23018618372875582,0.5107536578152161
550,375.27537160000037,0.5254816385954173,0.5732200105560965
551,375.7482753000004,0.4623880765654202,0.4721304985254134
552,376.2953812000004,0.35890486609349637,0.605872476758467
553,376.73222680000043,0.533998142038885,0.5961693119125541
554,377.1295868000004,0.6287239428785758,0.58302188386669
555,377.50156410000045,0.705009611365194,0.4607120126660358
556,377.85773500000045,0.7606398692330768,0.5740670155886659
557,378.19754030000047,0.8179358943764985,0.42503265225906023
558,378.73294110000046,0.372811610983982,0.5533933318644456
559,379.29477030000044,0.3424430655933159,0.459574747921848
560,379.8341303000004,0.3704303958476474,0.46045781215019194
561,380.26149030000045,0.5545659906428925,0.4799514450653383
562,380.82685030000044,0.3407933331631514,0.4606679648365049
563,381.33810080000046,0.4040900232920114,0.45660352851203756
564,381.82335600000044,0.4422977209787508,0.4737045774115596
565,382.41299890000045,0.31412253853078154,0.4776274094986855
566,383.0132371000004,0.3097588476236529,0.46279299583638817
567,383.41659710000044,0.607448282140733,0.6511763182938238
568,384.00420620000045,0.3160808282768915,0.48898491578912906
569,384.42263040000046,0.570414590614183,0.398875855949874
570,384.78192750000045,0.7490653504816684,0.5158976630278108
571,385.21528750000044,0.5329173957805394,0.5883580972620311
572,385.6326475000004,0.5776482672794082,0.5948712717325905
573,386.1511128000004,0.3943550898154898,0.48977147328383214
574,386.86914470000045,0.21835826399889538,0.4928338146456328
575,387.52611650000046,0.2590427308492516,0.47786865611730617
576,388.02147650000046,0.4298245085189906,0.44413163718751963
577,388.53965580000045,0.397401849630535,0.4441458386534883
578,389.35254370000047,0.16928302105143556,0.45499108105370284
579,389.9259610000005,0.3302276608671098,0.42653893440591467
580,390.58935220000046,0.25433901357153443,0.4626256795020252
581,391.22981910000044,0.2700928786932953,0.4507766937143376
582,391.87282940000046,0.2681115026991734,0.32221527503965225
583,392.54394020000046,0.2474232028132037,0.445370281303518
584,393.22448210000044,0.24093924832764446,0.4277547831813542
585,393.91052720000044,0.2372544204889712,0.4585492134551333
586,394.47363640000043,0.3432229051245232,0.46214647675299037
587,394.9670371000004,0.4327908352935363,0.46891073056541677
588,395.77410360000044,0.17190714401357682,0.5479057673264879
589,396.50786750000043,0.20804390038699816,0.5551756787437442
590,397.12174230000045,0.2920147281854136,0.46328443853923296
591,397.56163530000043,0.5235408484928138,0.34950237588545824
592,398.16771400000044,0.2988901857669997,0.42119875638067633
593,398.98972000000043,0.1643910956279723,0.5592825724964997
594,399.70202430000046,0.2206042243300346,0.4821407032723138
595,400.42417470000044,0.21473135712747854,0.34994981585507573
596,401.1123552000004,0.2371646516712174,0.5185700043059008
597,401.7628914000004,0.262358525616989,0.5615807042549966
598,402.3962749000004,0.27571318878031725,0.4332253887023834
599,403.0334056000004,0.2727210422653785,0.46924092242363485
600,403.6917257000004,0.2565754888182304,0.4321013896847335
601,404.3531158000004,0.25579342435979396,0.5107817913648213
602,405.0295876000004,0.24371083379728326,0.4582744507525797
603,405.74599090000044,0.21813600844930764,0.48342501727679466
604,406.39015830000045,0.2672163751091142,0.4949732060362954
605,407.1041981000005,0.21955507986799888,0.4816386164291919
606,407.7023452000005,0.30611207590016504,0.46347348441510466
607,408.2800648000005,0.32787364001076635,0.4583437830733203
608,408.7640894000005,0.4442393012966298,0.41915908256297607
609,410.3944384000005,0.001040328668181603,0.4839361299256668
610,411.2504326000005,0.1503447271292713,0.4945671007021682
611,411.93838470000054,0.2359940003011071,0.4630294429994879
612,412.6414416000005,0.22629857940076895,0.47049544439794583
613,413.31373760000054,0.24659634764802266,0.45515708053233234
614,414.0055350000005,0.2334777467988161,0.49703211138884873
615,414.65790220000054,0.2609831631800769,0.5000589149743511
616,415.2826334000005,0.28278959121920516,0.4931353818544922
617,415.9033690000005,0.2861389088763331,0.4980353300330062
618,416.6347937000005,0.2093706808600164,0.3616425034338045
619,417.3822409000005,0.20047892495266403,0.4648531489532283
620,418.11840940000053,0.20669041375503913,0.4951876088245916
621,418.75195970000055,0.27557908199842385,0.4839409910558205
622,419.4415384000006,0.23361996017447828,0.487934095435444
623,420.12505510000057,0.23893855120755828,0.48152416206999676
624,420.82725100000056,0.22809667402389566,0.5303103854767363
625,421.47559440000055,0.26401804439210824,0.49499136870594285
626,422.16578400000054,0.23452576364540306,0.49076824837727884
627,422.87118690000057,0.2248371219221649,0.4731481287011881
628,423.58095230000055,0.22215004018914544,0.4945022239820271
629,424.27502400000054,0.23200519368279196,0.47062458488571884
630,424.86909250000053,0.31180875231889144,0.5090275814439637
631,425.51297930000055,0.2674330876610301,0.5011589273508127
632,426.24049110000055,0.2116126480666271,0.49000242137226335
633,426.9487707000006,0.2230607933800628,0.5174796780536127
634,427.5730406000006,0.28484655927905544,0.49846050382706647
635,428.35852350000056,0.18106855058906474,0.5093463130509558
636,429.09090970000057,0.20882410997819384,0.49828000564679553
637,429.8746694000006,0.18190030164535367,0.49764841403449456
638,430.6100298000006,0.20714410465457295,0.5202924640320615
639,431.29755930000056,0.23627259287130511,0.4897454812089295
640,432.01374530000055,0.21946697583083893,0.4827046622017106
641,432.73034590000054,0.21801805022404194,0.5100136949528419
642,433.42604350000056,0.23095951413349622,0.518706744507413
643,434.2453833000006,0.1655501699455675,0.5032670162066905
644,434.9733004000006,0.21137909863708074,0.4986154622389711
645,435.6021289000006,0.2810523877578143,0.5168165998028311
646,436.2547231000006,0.2608133020568506,0.5187088934404621
647,437.0435995000006,0.17944298895925342,0.5209540244614835
648,437.8371122000006,0.17724831816677794,0.5097055873742172
649,438.6117569000006,0.18637202125158508,0.5228692220192873
650,439.3686327000006,0.19545342599762455,0.5030378024377038
651,440.0567559000006,0.2372026356520725,0.5039801390841684
652,441.08564350000063,0.09555882102520977,0.531775354018233
653,441.7608211000006,0.24460055022512722,0.5153070526362202
654,442.4223635000006,0.2556823570654673,0.5243411382883774
655,443.0517235000006,0.2789743445115791,0.5144341139714436
656,443.7440403000006,0.23444263771073845,0.5160248718882534
657,444.3507989000006,0.29828192698345257,0.5166768478702434
658,445.0552438000006,0.22668174355073725,0.5245202761786368
659,445.7479006000006,0.2342206256417014,0.5307447327596516
660,446.3461542000006,0.3060135404051487,0.506575094416882
661,446.9938835000006,0.26448523851201483,0.5076461470497219
662,447.6206695000006,0.28274401863431897,0.5137804087779987
663,448.1904042000006,0.33614002545776667,0.521407810606124
664,448.8579635000006,0.24992208535383367,0.5201767685226817
665,449.5333507000006,0.24723005825063057,0.5310556347964853
666,450.1606835000006,0.280636788170669,0.5111717926965267
667,450.8100435000006,0.2647667117431269,0.5226448879477684
668,451.4563560000006,0.2671044019670937,0.5289383440721122
669,452.0774201000006,0.28755574782812643,0.5098388406964642
670,452.6770294000006,0.3047629982707094,0.520905992537355
671,453.3605219000006,0.23895474264605157,0.5483994183337925
672,454.03947080000063,0.24201927070529985,0.5113610797974811
673,454.74620770000064,0.22525083296729909,0.5094159250948734
674,455.50996220000064,0.19187896575027524,0.5138102710986449
675,456.30919160000064,0.1755104449798172,0.5136692125802013
676,457.03241710000066,0.21410157958578865,0.5122233676769166
677,457.6633589000007,0.27931622680061235,0.5237702503854943
678,458.2753043000007,0.2954531212282671,0.5340701437189982
679,458.8836582000007,0.29686128484878394,0.5319352266005547
680,459.5208280000007,0.2742814647826233,0.5300203000750782
681,460.17397880000067,0.2603974103075438,0.5281361136510158
682,460.8807380000007,0.22399747686901494,0.5155995002039894
683,461.61116280000067,0.21108697667516002,0.5273063456202877
684,462.3394073000007,0.21119066299633157,0.5218796743908811
685,463.03398960000067,0.23167617667841453,0.5279557916354091
686,463.72574050000065,0.23350797507048338,0.5146610058203863
687,464.49097480000063,0.1911198596554704,0.5234136288167205
688,465.21074420000065,0.2173208482527101,0.5067166381799068
689,465.83031840000064,0.2888265727587709,0.5335982154000057
690,466.4953235000006,0.2531737363902641,0.5273075035371814
691,467.1519174000006,0.2593231086535004,0.5109962825296229
692,467.7940435000006,0.26879815663777157,0.5231287118845435
693,468.4942402000006,0.2280961687211004,0.5375161909794065
694,469.1771076000006,0.24071931184239914,0.5160458226943713
695,469.86003190000065,0.24068089106823823,0.5047333730933113
696,470.55684020000064,0.2315307328447096,0.5165284731957587
697,471.2408435000006,0.23995377013289707,0.5144683193430682
698,471.9576583000006,0.2178900754764362,0.5138851068135907
699,472.6986067000006,0.2040307327729378,0.5176146759013582
700,473.2583799000006,0.3446766050815191,0.5088429150557525
701,473.9746985000006,0.21818667107177028,0.49775079612870715
702,474.7126874000006,0.2056726888323223,0.5267297133576129
703,475.4424494000006,0.2103198772991071,0.49817783297698176
704,476.1977681000006,0.1973319861035752,0.5164618053860512
705,476.9220595000006,0.2134793794111236,0.5138620639800519
706,477.6403175000006,0.2170301915963989,0.5220399475427788
707,478.3276681000006,0.23639065393330183,0.5116748638939042
708,479.0154417000006,0.2361116238448299,0.5090234534675907
709,479.7978042000006,0.18160885741990093,0.516443268200087
710,480.5595756000006,0.19290168700843613,0.5167155341958005
711,481.26804660000056,0.22417557181791914,0.5274488752136715
712,482.0274066000006,0.19415375030728027,0.5120003080275898
713,482.7330498000006,0.22468807898411683,0.4988753434556812
714,483.42350510000057,0.2343521689362431,0.5247159128367189
715,484.0995530000006,0.24400179939876837,0.5156620492697462
716,484.8012871000006,0.22838855272275616,0.5218487523903097
717,485.5370147000006,0.20693780181146926,0.539031477191018
718,486.2834844000006,0.20209714700500125,0.5410296009837473
719,486.9492642000006,0.25118624818973323,0.53241738327748
720,487.61453300000056,0.25155077087137073,0.5150482089897817
721,488.3156627000006,0.22750787084790328,0.5176692239981854
722,489.0456295000006,0.21135048080964508,0.5104014156529694
723,489.7166582000006,0.24888432209416927,0.5284449102475258
724,490.4297266000006,0.2213550651355443,0.5283094358555298
725,491.1213913000006,0.23486917706715318,0.5203026990926906
726,491.8835881000006,0.192681773685923,0.5054943681937134
727,492.58629200000064,0.22651949024319762,0.4951356720783489
728,493.2891666000006,0.226412631751422,0.5161601003058526
729,494.0305924000006,0.20487354553813772,0.55112635855036
730,494.8337642000006,0.17368756500084304,0.5244719405621251
731,495.58247480000057,0.2008778384555524,0.5091803735959818
732,496.2628816000006,0.24103060808798688,0.5132441052896121
733,496.92996660000057,0.2516820499150246,0.5260722778708166
734,497.65439690000056,0.21339845886579664,0.4927203101039248
735,498.37868660000055,0.21348037004384182,0.5111592924771612
736,499.14870710000054,0.1886880685303662,0.5243799192194045
737,499.86091630000055,0.2218788828922163,0.539847784016756
738,500.45805090000056,0.3070510231021419,0.5381749561547338
739,501.15065170000054,0.23425717418563444,0.5337521397566242
740,501.7573802000005,0.3001031049547188,0.5089427095839577
741,502.3908466000005,0.27564652650968346,0.5246405706297775
742,503.07320110000046,0.2397176969442533,0.5116619708762574
743,503.7909005000005,0.21736252808490697,0.5105571108236866
744,504.47272690000045,0.24007279105271437,0.5276088258658391
745,505.27828660000046,0.1725935786130635,0.522101086170458
746,505.95088230000044,0.2463878170865625,0.5435889626440761
747,506.5943212000004,0.26933341185434284,0.5289244136316275
748,507.2963666000004,0.22693229435318568,0.5202050839350051
749,507.9797266000004,0.24038694729762397,0.5346230976433529
750,508.6604224000004,0.24219142780263345,0.5211735803992211
751,509.2667940000004,0.3004248320419399,0.5306097619141362
752,509.8716313000004,0.3018132692793009,0.5190750757553042
753,510.5176755000004,0.2657727601839479,0.4999701733074667
754,511.1548168000004,0.27430423059471637,0.5184187222525366
755,512.7942246000003,0.0,0.5197952178803996
756,513.6215846000003,0.1629453432792316,0.5349879397501703
757,514.4213463000003,0.1743371591842225,0.509756002955525
758,515.0995043000004,0.24255774840526423,0.5273475278569568
759,515.7418812000004,0.26860315651923783,0.5350887497683686
760,516.3810794000004,0.27266753562914153,0.5308843526052988
761,517.0765197000004,0.23112460460386128,0.5099822528099606
762,517.8070981000004,0.2109986928096524,0.5104304187414386
763,518.5531046000004,0.20235026198352105,0.5174024578665669
764,519.2384646000004,0.23770928507567932,0.5167949475177375
765,519.9090130000004,0.2492229293396191,0.5246758704171794
766,520.5791846000004,0.24948898068592104,0.5188794831707333
767,521.2109534000004,0.277015865548784,0.5345884851553123
768,521.8744360000004,0.25283028019539355,0.5257220908196331
769,522.5403475000004,0.2510924090383436,0.5324347590853081
770,523.2266246000004,0.23710063299691497,0.5273612463875449
771,523.8975850000004,0.24893243714233107,0.529437899111791
772,524.5978090000004,0.22807892825370496,0.5293755878614324
773,525.2856537000005,0.23606476335403867,0.527410977631492
774,525.9100646000005,0.28472818503082126,0.5129253441389293
775,526.5825203000005,0.2478817437133621,0.5086792847584475
776,527.2693162000005,0.23675718296427367,0.5071695418596192
777,527.9440787000005,0.2448867854094829,0.5039520971934718
778,528.6556219000006,0.22106624507727674,0.5573975619929198
779,529.3151412000007,0.25716280725946705,0.4947329474101572
780,530.1065012000007,0.17826360223050441,0.511846211841375
781,530.8308298000007,0.21345770376987472,0.49539930420215317
782,531.3500564000008,0.39600173678123995,0.5341039933945386
783,532.0015240000008,0.2616577315372566,0.5283130606903952
784,532.6079231000008,0.3004000258070099,0.503690482799421
785,533.2744545000008,0.2506513166714375,0.5234856286939443
786,533.9879244000008,0.2211108034317316,0.544936753642879
787,534.6940269000008,0.22564578147442277,0.5093278536725786
788,535.4133812000008,0.21756815094414148,0.5352326311294124
789,536.1021768000008,0.23675738160554474,0.5401452011086365
790,536.7299699000008,0.2819082372988842,0.5359722372509136
791,537.4485809000008,0.21682049216880267,0.5515114077428036
792,538.1741310000008,0.21274742562065443,0.5252422994888823
793,538.9237604000008,0.2003803955836285,0.5269820751020213
794,539.6474099000008,0.21385381679332569,0.5358830557462211
795,540.3671836000008,0.21731828824520552,0.5234019713451574
796,541.0816229000008,0.21931443194913422,0.5224963073207429
797,541.7847964000008,0.2262256682672313,0.5423559190268245
798,542.5210914000008,0.20661949951000144,0.5247560289961938
799,543.2385563000008,0.21869810057282424,0.5577994853995601
800,543.9381202000009,0.2297663989005242,0.5328576978166044
801,544.6481505000008,0.22198814066605937,0.5316216703395547
802,545.3503740000008,0.22682055501339105,0.5434160542251832
803,546.0697812000008,0.21753661598989427,0.535746351021347
804,546.7644132000007,0.2316441823843522,0.5386118583764529
805,547.4825012000007,0.21832467470242292,0.5397186427695038
806,548.1860112000007,0.2260154122815921,0.5406540800866463
807,548.9137059000008,0.2115072159134233,0.5230691414170899
808,549.6487238000008,0.20846593928617824,0.5360678219605344
809,550.3563639000008,0.22345419081784573,0.537636541285531
810,550.9697193000009,0.2942130690203649,0.5330386329116101
811,551.6745522000009,0.2251911412653548,0.5324322808919743
812,552.3532180000009,0.24357781809244425,0.5442058982594916
813,553.1013812000009,0.20117489020084167,0.5290530418674665
814,553.9675629000009,0.14638157517610323,0.5232306822627968
815,554.7180417000009,0.19992180650933705,0.5390835684500361
816,555.4353554000008,0.2175923573404304,0.5301758546674806
817,556.1736156000009,0.2055215217738653,0.542153755821481
818,556.8823671000008,0.2240022330225134,0.553835766527461
819,557.5995421000008,0.21767507703919636,0.5491610814038658
820,558.4479776000009,0.15335620999450528,0.5234250052856977
821,558.9863472000009,0.37163137299764004,0.527753750002195
822,559.6296212000009,0.26790716172860835,0.5254419909060828
823,560.3080979000009,0.24370747284497482,0.5589475668667406
824,560.967000800001,0.25761606241689894,0.5461123733715599
825,561.6237012000009,0.2577651905387037,0.5478411328462999
826,562.3832235000009,0.19406918647080193,0.5361541559289275
827,563.0356430000008,0.2624465034009469,0.5376672768816254
828,563.7085352000008,0.24898049383055723,0.5328619238840734
829,564.4364365000008,0.21254373407655142,0.5337720591601719
830,565.1756836000008,0.20497273118458417,0.5382496032817817
831,565.8773423000008,0.2297059970922844,0.5496112493773903
832,566.6044031000008,0.21303160334542187,0.5472128909557298
833,567.3166738000008,0.2218413389670236,0.5466640813036364
834,568.0240742000008,0.22483867335398972,0.5346016741263652
835,568.7446664000008,0.21683165414080777,0.5160950422103897
836,569.4940769000008,0.20049877831399002,0.5368319375017937
837,570.2718114000007,0.18484245210978836,0.5307004957794231
838,571.0309071000007,0.19429155054812053,0.5221155768021912
839,571.7332006000007,0.22677665565497765,0.5406523160856201
840,572.4918622000007,0.1945181257841366,0.5437425752715203
841,573.3077643000007,0.1679414415499868,0.5223435852169849
842,574.1606815000007,0.1523606628984696,0.5282424125604027
843,574.9169419000007,0.19683263011322022,0.5401228401319864
844,575.7018885000007,0.18132695341271868,0.5461122346311836
845,576.4377276000007,0.20800141333902308,0.5480839747265588
846,577.2402612000006,0.17306274453757228,0.5493196289188825
847,578.0192177000007,0.18621702023535516,0.5428815341739396
848,578.7301010000007,0.22269019437793933,0.5183762156099102
849,579.4663412000007,0.20777497088092234,0.5249233554271143
850,580.2418577000007,0.18593900129619984,0.5343467341999362
851,581.0190612000007,0.18510430418687046,0.5426530331724363
852,581.7486090000007,0.2115918909962631,0.5491730751262929
853,582.5134916000006,0.19336209056924292,0.5374125958936473
854,583.1447035000007,0.2790953540190112,0.5424822144826927
855,583.8299468000007,0.2377868755160923,0.5518605639114881
856,584.5564388000007,0.21220166188211326,0.5376775884418327
857,585.2900808000007,0.2081127941820713,0.5630784179188075
858,586.0612206000008,0.18812447597653362,0.5233737693179443
859,586.7816534000008,0.2169263211695676,0.5319030958771219
860,587.5813012000008,0.17438974627086762,0.5399276995184806
861,588.3324531000007,0.19955927161784917,0.5303171425293963
862,589.0293237000008,0.2302087306004698,0.5357419870530253
863,589.6606007000007,0.27741424460515773,0.5558047136830213
864,590.3188550000007,0.25957540481675173,0.5333514665484674
865,590.9999635000007,0.2419107908222737,0.5386151004421013
866,591.6709998000007,0.24887896892940553,0.5399095529184575
867,592.3775961000007,0.22533829094909893,0.517742957111875
868,593.0498481000006,0.2466269815393657,0.5498261143339666
869,593.7722500000007,0.2157603665418165,0.5395560700756075
870,594.5462465000006,0.18769440254541814,0.5499425145741519
871,595.2638991000006,0.21858553005705436,0.5320829466970477
872,596.0039460000006,0.20564036047294,0.5461948336830845
873,596.7491265000006,0.20170945303658855,0.5510094366335491
874,597.5554451000006,0.17224748154049213,0.5430900172757069
875,598.2918341000006,0.20769103968789346,0.5299655284795067
876,599.0453488000006,0.19722793193356816,0.5416162778701701
877,599.7517105000006,0.22424315951038684,0.5434159881250263
878,600.4182850000007,0.2520471337220045,0.5324761288744221
879,601.2807727000006,0.1478061625511546,0.5453851337531049
880,602.0704668000006,0.18000747974861447,0.5492350628531151
881,602.7819248000006,0.22233809547535868,0.5238677474924097
882,603.4527065000007,0.24765342333403365,0.5358511153083101
883,604.1799741000007,0.2117535143789838,0.5243256410156368
884,604.9568393000006,0.18527134870011824,0.5437287849436113
885,605.7684350000006,0.1698617191502293,0.5250493054068485
886,606.5813209000006,0.16928391508214882,0.5193826318220398
887,607.3500292000006,0.19036714730845264,0.5317097924326712
888,608.1059462000005,0.19701455499632411,0.5283208348483349
889,608.8759407000006,0.18870118295032415,0.5413303914942503
890,609.5692571000005,0.23379066697304282,0.5480723675275135
891,610.3299182000005,0.1945183869176615,0.5396785725223885
892,611.1145398000006,0.182451986271211,0.5402670011239167
893,611.8729577000006,0.1956940846822661,0.5341899902908643
894,612.6335412000006,0.19455892184391943,0.5439060291770482
895,613.3723272000007,0.20634452398710804,0.5489388054392244
896,614.1340842000006,0.19394697489369292,0.5329209919053088
897,614.8611904000006,0.21184667916500724,0.5456028533601206
898,615.5600206000006,0.23023453874137262,0.535033780410244
899,616.2738004000006,0.22092249259424812,0.5282746485077481
900,616.9237904000006,0.2658143077457072,0.53384008453784
901,617.5959202000006,0.24671208554960702,0.5532352473517678
902,618.2745454000006,0.2436056478070122,0.5422948891757228
903,618.9900653000007,0.2198687332750049,0.5465686858783322
904,619.7435642000006,0.19723631764007174,0.5358675172042174
905,620.5074774000007,0.19282835053608932,0.5392003024551356
906,621.2903080000007,0.18332396867334824,0.5364148398671383
907,622.0592212000007,0.19026278194587046,0.5495588600564986
908,622.8029285000007,0.20361218013680948,0.5497367930446581
909,623.5399731000007,0.20619987388477393,0.552296797781081
910,624.2817633000006,0.20356651993952332,0.530758078980622
911,625.0140519000006,0.20887951389230802,0.5460962191903522
912,625.7944279000006,0.18354604446708506,0.5319316470268723
913,626.5733812000007,0.185227830602451,0.5392775520036285
914,627.3328779000007,0.19512764586725787,0.5352456520475084
915,628.0716675000007,0.20634250948188226,0.5336287813448725
916,628.8245924000007,0.19754124275687843,0.5399792004179543
917,629.5631082000007,0.20649579090992667,0.5360287333339427
918,630.3145680000007,0.1993936909602746,0.5467714445084363
919,631.0787190000007,0.19167523107056772,0.5349118575260329
920,631.7771867000007,0.2304662679209069,0.5506991718454569
921,632.4959091000007,0.21794526911354067,0.532983545210972
922,633.2443402000007,0.2010294475633342,0.5402781631771354
923,634.0189812000007,0.1863738614744694,0.5379324083855006
924,634.7804067000006,0.194119617465943,0.5394272234249103
925,635.5430587000006,0.19348174927978354,0.5663204507021066
926,636.2935002000006,0.19994191893802876,0.5235580509900507
927,637.0280627000006,0.20872407524905895,0.5330698191275559
928,637.5981114000007,0.3358094718834113,0.54485376674891
929,638.2531412000006,0.2604877485877735,0.5540352620170869
930,638.9627131000007,0.2234961947470507,0.532035456373633
931,639.6806476000006,0.2184165960955853,0.5222823203725673
932,640.4180409000006,0.20712561064476245,0.5366140220918275
933,641.1407767000006,0.2155634054569543,0.546516607201084
934,641.8499412000007,0.2249851060442409,0.5425458387204612
935,642.6094542000006,0.19511910190020876,0.5504597321303789
936,643.3093096000007,0.22958073274682442,0.5297709657418376
937,644.0443192000007,0.20847064059583675,0.5439421919982851
938,644.7989582000007,0.19663228291965507,0.5301638185981452
939,645.5842576000007,0.18115691909460302,0.5386389313064358
940,646.3069684000006,0.2155781449655003,0.5434939898971498
941,647.1175014000006,0.17033925026464333,0.5392191139146808
942,648.0189948000007,0.1341396817089022,0.5545569890851212
943,648.6496388000006,0.27956001945003695,0.5357165790205318
944,649.3565939000006,0.22636225987743291,0.5371165771499281
945,650.0438260000005,0.23912905507367255,0.5416559710816675
946,650.6427535000005,0.30911147245901227,0.5353612979966357
947,651.2839215000005,0.27111215055303456,0.5487011389928966
948,652.0376767000005,0.2003123989728801,0.5450781571674259
949,652.8224438000004,0.18141353324060752,0.5540129921679736
950,653.4517982000004,0.2822719056055659,0.544538517505749
951,654.0922037000005,0.27171284828134,0.5335632155111788
952,654.7041314000005,0.2937117495625414,0.5381452660462043
953,655.5568080000005,0.15325919671509763,0.5336768818838566
954,656.2924367000005,0.2081203125366893,0.538032489694661
955,656.9745206000005,0.24124914139739245,0.5416681995154375
956,657.5771023000004,0.3075654184478666,0.5259928975290277
957,658.1432397000004,0.34211001595364604,0.528086884629281
958,658.7536808000004,0.2985657632482249,0.5356167259988219
959,659.4103496000005,0.257788471803146,0.5324881096652682
960,660.1125912000005,0.2280678144920813,0.5313062888216676
961,660.7766797000005,0.2552846138061545,0.5255708892493581
962,661.4213184000005,0.2683998011428625,0.5454539432691567
963,662.0442948000004,0.2859355647369639,0.5366891497928681
964,663.5239165000005,0.016901122893615242,0.5275787477642537
965,664.2640603000006,0.20447559704034377,0.5501237267389577
966,664.9421682000005,0.24396058858471123,0.5379123918471741
967,665.6364451000005,0.23316631969647872,0.5326116982722034
968,666.2735910000005,0.2743005557312022,0.5170064379056276
969,666.9267165000005,0.26041629572765446,0.5526205666651266
970,667.6093576000004,0.2395252632129438,0.5420797234375855
971,668.2448698000004,0.27560970682766506,0.535294202446147
972,668.9327965000004,0.2360107332908028,0.5394506859980127
973,669.6821565000005,0.19944734324261143,0.5403164422715393
974,670.3713581000005,0.23517267773030515,0.5334482013439129
975,671.0178349000005,0.2669776855104444,0.5529338096453986
976,671.6909285000005,0.2474352285847506,0.5282939607917507
977,672.3804796000005,0.23494358163506424,0.553438229722335
978,673.0484212000005,0.25250069191611985,0.5496176784363441
979,673.7083165000005,0.25688682819942255,0.5510087430683536
980,674.4557802000005,0.20155522922245572,0.5314355067292478
981,675.0673356000005,0.2957973589387952,0.541273964785644
