time,sensor_id,port,axes_x,axes_y,axes_z,temperature
1602601907714311,29,1,384,-3632,-1696,0
1602601907792081,29,2,368,-304,4128,0
1602601907807671,30,1,0,0,0,0
1602601907807671,31,1,0,0,0,0
1602601907807671,30,2,-1872,738,3728,0
1602601907807671,31,2,0,0,0,0
1602601907807671,73,1,0,0,0,0
1602601907807671,73,2,0,0,0,8588
1602601907807671,105,1,5460,2884,-14685,0
1602601907807671,29,1,416,-3696,-1744,0
1602601907807671,29,2,144,-160,3968,0
1602601907807671,30,1,0,0,0,0
1602601907807671,31,1,0,0,0,0
1602601907807671,30,2,-1680,818,3680,0
1602601907807671,31,2,0,0,0,0
1602601907807671,73,1,0,0,0,0
1602601907807671,73,2,0,0,0,8584
1602601907807671,105,1,5558,2827,-14574,0
1602601907807671,29,1,464,-3632,-1712,0
1602601907807671,29,2,208,-160,3856,0
1602601907807671,30,1,0,0,0,0
1602601907807671,31,1,0,0,0,0
1602601907807671,30,2,-1760,866,3456,0
1602601907807671,31,2,0,0,0,0
1602601907807671,73,1,0,0,0,0
1602601907807671,73,2,0,0,0,8584
1602601907807671,105,1,5396,2618,-14128,0
1602601907823327,29,1,464,-3568,-1872,0
1602601907823327,29,2,304,-144,3920,0
1602601907823327,30,1,0,0,0,0
1602601907823327,31,1,0,0,0,0
1602601907823327,30,2,-1936,706,3664,0
1602601907823327,31,2,0,0,0,0
1602601907823327,73,1,0,0,0,0
1602601907823327,73,2,0,0,0,8584
1602601907823327,30,2,-1728,658,3712,0
1602601907823327,31,2,0,0,0,0
1602601907823327,73,1,0,0,0,0
1602601907823327,73,2,0,0,0,8588
1602601907823327,105,1,5544,2809,-14625,0
1602601907823327,29,1,512,-3712,-1904,0
1602601907823327,29,2,192,-176,4064,0
1602601907823327,30,1,0,0,0,0
1602601907823327,31,1,0,0,0,0
1602601907823327,30,2,-1792,754,3696,0
1602601907823327,31,2,0,0,0,0
1602601907823327,73,1,0,0,0,0
1602601907823327,73,2,0,0,0,8588
1602601907823327,105,1,5410,2675,-14393,0
1602601907823327,29,1,496,-3648,-1744,0
1602601907823327,29,2,208,-256,3984,0
1602601907823327,30,1,0,0,0,0
1602601907838948,31,1,0,0,0,0
1602601907838948,30,2,-1712,642,3568,0
1602601907838948,31,2,0,0,0,0
1602601907838948,73,1,0,0,0,0
1602601907838948,73,2,0,0,0,8586
1602601907838948,105,1,5612,2936,-14507,0
1602601907838948,29,1,480,-3632,-1792,0
1602601907838948,29,2,240,-192,4000,0
1602601907838948,30,1,0,0,0,0
1602601907838948,31,1,0,0,0,0
1602601907838948,30,2,-1744,706,3840,0
1602601907838948,31,2,0,0,0,0
1602601907838948,73,1,0,0,0,0
1602601907838948,73,2,0,0,0,8586
1602601907838948,105,1,5630,2608,-14736,0
1602601907838948,29,1,528,-3648,-1712,0
1602601907838948,29,2,224,-176,4112,0
1602601907838948,30,1,0,0,0,0
1602601907838948,31,1,0,0,0,0
1602601907838948,30,2,-1904,706,3792,0
1602601907838948,31,2,0,0,0,0
1602601907838948,73,1,0,0,0,0
1602601907838948,29,2,240,-112,4016,0
1602601907838948,30,1,0,0,0,0
1602601907838948,31,1,0,0,0,0
1602601907838948,30,2,-1744,754,3664,0
1602601907854569,31,2,0,0,0,0
1602601907854569,73,1,0,0,0,0
1602601907854569,73,2,0,0,0,8587
1602601907854569,73,1,0,0,0,0
1602601907854569,73,2,0,0,0,8587
1602601907854569,105,1,5667,2840,-14763,0
1602601907854569,29,1,416,-3632,-1696,0
1602601907854569,29,2,368,-176,4016,0
1602601907854569,31,2,0,0,0,0
1602601907854569,73,1,0,0,0,0
1602601907854569,73,2,0,0,0,8587
1602601907854569,105,1,5592,2787,-14555,0
1602601907854569,29,1,416,-3552,-1808,0
1602601907854569,29,2,272,-144,3952,0
1602601907854569,30,1,0,0,0,0
1602601907854569,31,1,0,0,0,0
1602601907854569,30,2,-1808,706,3632,0
1602601907854569,31,2,0,0,0,0
1602601907854569,73,1,0,0,0,0
1602601907854569,73,2,0,0,0,8584
1602601907854569,105,1,5630,2627,-14482,0
1602601907854569,29,1,560,-3744,-1824,0
1602601907854569,29,2,112,-144,4032,0
1602601907854569,30,1,0,0,0,0
1602601907870195,31,1,0,0,0,0
1602601907870195,30,2,-1712,738,3648,0
1602601907870195,31,2,0,0,0,0
1602601907870195,73,1,0,0,0,0
1602601907870195,73,2,0,0,0,8584
1602601907870195,105,1,5779,2883,-14403,0
1602601907870195,29,1,464,-3632,-1760,0
1602601907870195,73,1,0,0,0,0
1602601907870195,73,2,0,0,0,8589
1602601907870195,29,2,224,-208,4048,0
1602601907870195,30,1,0,0,0,0
1602601907870195,31,1,0,0,0,0
1602601907870195,30,2,-1744,658,3584,0
1602601907870195,29,1,496,-3696,-1680,0
1602601907886011,29,2,272,-192,4000,0
1602601907886011,30,1,0,0,0,0
1602601907901616,31,1,0,0,0,0
1602601907917236,30,2,-1824,722,3632,0
1602601907917236,31,2,0,0,0,0
1602601907917236,73,2,0,0,0,8588
1602601907932988,105,1,5753,2659,-14530,0
1602601907932988,29,1,352,-3584,-1872,0
1602601907948294,29,2,256,-288,3904,0
160260190805799,30,1,0,0,0,0
1602601908073541,31,1,0,0,0,0
1602601908073541,30,2,-1776,754,3584,0
1602601908073541,31,2,0,0,0,0
1602601908088892,30,1,0,0,0,0
1602601908088892,31,1,0,0,0,0
1602601908088892,30,2,-1648,834,3856,0
1602601908104784,31,2,0,0,0,0
1602601908104784,73,1,0,0,0,0
1602601908104784,29,1,448,-3584,-1744,0
1602601908120148,30,1,0,0,0,0
1602601908120148,31,1,0,0,0,0
1602601908135996,30,2,-1760,754,3680,0
1602601908135996,31,2,0,0,0,0
1602601908135996,73,1,0,0,0,0
1602601908151378,73,2,0,0,0,8590
1602601908151378,105,1,5767,2592,-14465,0
1602601908167374,29,1,432,-3616,-1760,0
1602601908167374,29,2,224,-192,3872,0
1602601908167374,30,1,0,0,0,0
1602601908182972,31,1,0,0,0,0
1602601908182972,30,2,-1760,850,3840,0
160260190819864,31,2,0,0,0,0
160260190819864,73,1,0,0,0,0
1602601908214217,73,2,0,0,0,8590
1602601908214217,105,1,5636,2859,-14719,0
1602601908229767,29,1,416,-3664,-1824,0
1602601908229767,29,2,224,-208,3952,0
1602601908245109,30,1,0,0,0,0
1602601908245109,31,1,0,0,0,0
1602601908245109,30,2,-1712,706,3712,0
1602601908370426,31,2,0,0,0,0
1602601908370426,73,1,0,0,0,0
1602601908370426,73,2,0,0,0,8590
1602601908385995,105,1,5562,2772,-14923,0
1602601908385995,29,1,496,-3584,-1696,0
1602601908401294,29,2,16,-80,3904,0
1602601908401294,30,1,0,0,0,0
1602601908401294,31,1,0,0,0,0
1602601908417199,30,2,-1760,738,3520,0
1602601908417199,73,1,0,0,0,0
1602601908432566,73,2,0,0,0,8588
1602601908432566,105,1,5605,2688,-14434,0
1602601908432566,29,1,416,-3616,-1696,0
1602601908448451,29,2,336,-240,4176,0
1602601908448451,30,1,0,0,0,0
1602601908463816,31,1,0,0,0,0
1602601908463816,30,2,-1664,802,3952,0
1602601908463816,31,2,0,0,0,0
1602601908479713,73,1,0,0,0,0
1602601908479713,73,2,0,0,0,8588
1602601908479713,105,1,5629,2789,-14338,0
1602601908495048,29,1,448,-3648,-1776,0
1602601908495048,29,2,224,-176,4032,0
1602601908510945,30,1,0,0,0,0
1602601908510945,31,1,0,0,0,0
1602601908510945,30,2,-1744,818,3840,0
1602601908526293,31,2,0,0,0,0
1602601908526293,73,1,0,0,0,0
1602601908542193,73,2,0,0,0,8589
1602601908542193,105,1,5773,2690,-14595,0
1602601908542193,29,1,480,-3568,-1824,0
1602601908557534,29,2,192,-192,3936,0
1602601908573156,30,1,0,0,0,0
1602601908573156,31,1,0,0,0,0
1602601908573156,30,2,-1808,738,3824,0
160260190858905,31,2,0,0,0,0
160260190858905,73,1,0,0,0,0
160260190858905,73,2,0,0,0,8589
1602601908604403,29,2,288,-224,4048,0
1602601908714075,30,1,0,0,0,0
1602601908714075,31,1,0,0,0,0
1602601908729729,30,2,-1648,466,3472,0
1602601908729729,31,2,0,0,0,0
1602601908729729,73,1,0,0,0,0
1602601908745312,29,1,560,-3648,-1696,0
1602601908745312,29,2,192,-224,3920,0
1602601908760948,30,1,0,0,0,0
1602601908760948,31,1,0,0,0,0
1602601908760948,30,2,-1696,818,3840,0
1602601908776448,31,2,0,0,0,0
1602601908776448,73,1,0,0,0,0
1602601908792155,73,2,0,0,0,8588
1602601908792155,105,1,5903,3008,-15119,0
1602601908792155,29,1,496,-3744,-1728,0
1602601908807733,29,2,240,-208,4000,0
1602601908807733,30,1,0,0,0,0
160260190882339,31,1,0,0,0,0
160260190882339,30,2,-1760,802,3760,0
160260190882339,31,2,0,0,0,0
1602601908838993,73,1,0,0,0,0
1602601908838993,73,2,0,0,0,8588
1602601908854644,105,1,5543,2546,-14476,0
1602601908870296,29,1,512,-3680,-1728,0
1602601908870296,29,2,208,-96,3856,0
1602601908885587,30,1,0,0,0,0
1602601908885587,31,1,0,0,0,0
1602601908901281,30,2,-1840,754,3760,0
1602601908901281,31,2,0,0,0,0
1602601908932777,105,1,5620,2733,-14697,0
1602601908932777,29,1,512,-3744,-1680,0
1602601908948334,29,2,144,-112,3904,0
1602601909042114,30,1,0,0,0,0
1602601909042114,31,1,0,0,0,0
1602601909042114,30,2,-1712,786,3792,0
1602601909073362,31,2,0,0,0,0
1602601909073362,73,1,0,0,0,0
1602601909088921,73,2,0,0,0,8586
1602601909088921,105,1,5645,2767,-15090,0
1602601909088921,29,1,480,-3664,-1760,0
1602601909104284,29,2,208,-128,3936,0
1602601909104284,30,1,0,0,0,0
1602601909119899,31,1,0,0,0,0
1602601909119899,30,2,-1792,786,3664,0
1602601909135799,31,2,0,0,0,0
1602601909135799,73,1,0,0,0,0
1602601909135799,73,2,0,0,0,8589
160260190915111,105,1,5621,2712,-14429,0
1602601909182409,29,1,496,-3648,-1728,0
1602601909182409,29,2,128,-144,4048,0
1602601909182409,30,1,0,0,0,0
1602601909198022,31,1,0,0,0,0
1602601909198022,30,2,-1936,674,3712,0
1602601909292064,31,2,0,0,0,0
1602601909307324,73,1,0,0,0,0
1602601909323361,73,2,0,0,0,8589
1602601909323361,105,1,5486,2935,-14630,0
1602601909323361,29,1,480,-3600,-1904,0
1602601909338599,30,2,-1728,786,3760,0
1602601909338599,31,2,0,0,0,0
1602601909354542,73,1,0,0,0,0
1602601909370195,73,2,0,0,0,8586
1602601909370195,105,1,5679,2559,-14499,0
1602601909385736,29,1,464,-3584,-1680,0
1602601909385736,29,2,256,-208,3856,0
160260190940109,30,1,0,0,0,0
160260190940109,31,1,0,0,0,0
1602601909417016,30,2,-1808,866,3584,0
1602601909417016,31,2,0,0,0,0
1602601909432583,73,1,0,0,0,0
1602601909432583,73,2,0,0,0,8586
1602601909447947,105,1,5426,2905,-14614,0
1602601909447947,29,1,384,-3600,-1760,0
1602601909479524,29,2,224,-160,4048,0
1602601909494778,30,1,0,0,0,0
1602601909494778,31,1,0,0,0,0
1602601909541989,30,2,-1824,818,3728,0
1602601909541989,31,2,0,0,0,0
1602601909588803,73,1,0,0,0,0
1602601909588803,73,2,0,0,0,8590
1602601909604461,105,1,5668,2682,-14583,0
1602601909620071,29,1,496,-3616,-1680,0
1602601909620071,29,2,224,-112,3968,0
1602601909635614,30,1,0,0,0,0
1602601909635614,31,1,0,0,0,0
1602601909651035,30,2,-1744,802,3776,0
1602601909682627,31,2,0,0,0,0
1602601909682627,73,1,0,0,0,0
1602601909682627,73,2,0,0,0,8590
1602601909697889,105,1,5465,2714,-14290,0
1602601909697889,29,1,464,-3632,-1840,0
1602601909697889,29,2,288,-160,3984,0
1602601909713806,30,1,0,0,0,0
1602601909713806,31,1,0,0,0,0
1602601909729098,30,2,-1824,754,3728,0
1602601909729098,31,2,0,0,0,0
1602601909729098,73,1,0,0,0,0
1602601909744985,73,2,0,0,0,8590
1602601909744985,105,1,5472,2725,-14631,0
1602601909760669,29,1,400,-3648,-1888,0
1602601909760669,29,2,208,-192,4064,0
1602601909776013,30,1,0,0,0,0
1602601909776013,31,1,0,0,0,0
1602601909776013,30,2,-1776,706,3536,0
1602601909791875,31,2,0,0,0,0
1602601909791875,73,1,0,0,0,0
160260190980724,73,2,0,0,0,8590
1602601909916917,105,1,5689,2851,-14879,0
1602601909916917,29,1,528,-3616,-1680,0
1602601909932207,29,2,288,-144,4032,0
1602601909932207,30,1,0,0,0,0
1602601909932207,31,1,0,0,0,0
1602601909948179,30,2,-1792,770,3728,0
1602601909948179,31,2,0,0,0,0
1602601909963453,73,1,0,0,0,0
1602601909963453,73,2,0,0,0,8589
1602601909963453,105,1,5538,2650,-14576,0
1602601909979362,29,1,464,-3632,-1776,0
1602601909979362,29,2,208,-80,4048,0
1602601909994698,30,1,0,0,0,0
1602601909994698,31,1,0,0,0,0
1602601909994698,30,2,-1760,850,3648,0
1602601910010618,31,2,0,0,0,0
1602601910010618,73,1,0,0,0,0
1602601910025937,73,2,0,0,0,8589
1602601910025937,105,1,5444,2883,-14519,0
1602601910025937,29,1,416,-3616,-1856,0
1602601910041844,29,2,240,-64,3984,0
1602601910041844,31,2,0,0,0,0
1602601910057313,73,1,0,0,0,0
1602601910057313,73,2,0,0,0,8589
1602601910057313,105,1,5688,2771,-14509,0
1602601910073083,29,1,464,-3632,-1856,0
1602601910073083,29,2,208,-176,4000,0
1602601910088421,30,1,0,0,0,0
1602601910088421,31,1,0,0,0,0
1602601910088421,30,2,-1744,850,3744,0
1602601910120108,31,2,0,0,0,0
1602601910120108,73,1,0,0,0,0
1602601910120108,73,2,0,0,0,8589
1602601910135298,105,1,5510,2819,-14495,0
1602601910135298,29,1,448,-3616,-1776,0
160260191015091,29,2,208,-160,3936,0
160260191022935,30,1,0,0,0,0
160260191024465,31,1,0,0,0,0
160260191024465,30,2,-1840,802,3840,0
1602601910260542,31,2,0,0,0,0
16026019102761,73,1,0,0,0,0
16026019102761,73,2,0,0,0,8589
16026019102761,105,1,5421,2743,-14937,0
1602601910291512,29,1,496,-3568,-1776,0
1602601910291512,29,2,304,-256,3968,0
1602601910307331,30,1,0,0,0,0
1602601910307331,31,1,0,0,0,0
1602601910307331,30,2,-1808,754,3648,0
1602601910323013,31,2,0,0,0,0
1602601910323013,73,1,0,0,0,0
1602601910323013,31,1,0,0,0,0
1602601910338334,30,2,-1728,866,3824,0
1602601910338334,31,2,0,0,0,0
1602601910338334,29,2,128,-176,3984,0
1602601910369927,30,1,0,0,0,0
1602601910369927,31,1,0,0,0,0
1602601910385506,31,2,0,0,0,0
1602601910385506,73,1,0,0,0,0
1602601910385506,73,2,0,0,0,8587
1602601910385506,105,1,5631,2658,-14711,0
1602601910400856,29,1,496,-3584,-1856,0
1602601910432059,29,2,256,-208,4064,0
1602601910432059,30,1,0,0,0,0
1602601910432059,31,1,0,0,0,0
1602601910447986,30,2,-1776,786,3600,0
160260191055735,31,2,0,0,0,0
1602601910572693,73,1,0,0,0,0
1602601910572693,73,2,0,0,0,8590
1602601910572693,105,1,5721,2716,-15032,0
1602601910588526,29,1,464,-3664,-1792,0
1602601910588526,29,2,208,-144,3968,0
1602601910603892,30,1,0,0,0,0
1602601910635501,31,1,0,0,0,0
1602601910650789,30,2,-1760,722,3712,0
1602601910650789,73,2,0,0,0,8587
1602601910666702,29,1,448,-3616,-1744,0
1602601910666702,29,2,160,-176,3984,0
1602601910666702,30,1,0,0,0,0
1602601910682417,31,1,0,0,0,0
1602601910682417,30,2,-1760,530,3696,0
1602601910697652,31,2,0,0,0,0
1602601910697652,73,1,0,0,0,0
1602601910713672,29,1,528,-3616,-1856,0
1602601910713672,29,2,304,-112,4144,0
1602601910728895,30,1,0,0,0,0
1602601910728895,31,1,0,0,0,0
1602601910728895,30,2,-1728,770,3568,0
160260191074483,31,2,0,0,0,0
160260191074483,73,1,0,0,0,0
160260191074483,73,2,0,0,0,8588
1602601910854137,105,1,5730,2728,-15183,0
1602601910869685,29,1,416,-3616,-1920,0
1602601910869685,29,2,256,-112,4016,0
1602601910869685,30,1,0,0,0,0
1602601910885074,73,1,0,0,0,0
1602601910885074,73,2,0,0,0,8589
1602601910885074,105,1,5533,2627,-14831,0
1602601910901101,73,1,0,0,0,0
1602601910916743,73,2,0,0,0,8589
1602601910916743,29,2,208,-256,3968,0
1602601910931976,30,1,0,0,0,0
1602601910931976,31,1,0,0,0,0
1602601910931976,29,2,256,-112,4016,0
1602601910947868,30,1,0,0,0,0
1602601910947868,31,1,0,0,0,0
1602601910963527,30,2,-1904,866,3664,0
1602601910963527,31,2,0,0,0,0
1602601910979132,30,2,-1680,642,3616,0
1602601910979132,31,2,0,0,0,0
1602601910979132,73,1,0,0,0,0
1602601910994713,73,2,0,0,0,8588
1602601910994713,105,1,5456,2821,-14315,0
1602601911010372,29,1,512,-3600,-1632,0
1602601911010372,29,2,208,-144,3840,0
1602601911025669,30,1,0,0,0,0
1602601911025669,31,1,0,0,0,0
1602601911025669,30,2,-1904,818,3728,0
1602601911041606,31,2,0,0,0,0
1602601911041606,73,1,0,0,0,0
1602601911056913,73,2,0,0,0,8589
1602601911056913,105,1,5408,2797,-14308,0
1602601911056913,29,1,448,-3584,-1744,0
1602601911072836,29,2,336,-128,4112,0
1602601911072836,30,1,0,0,0,0
1602601911072836,31,1,0,0,0,0
1602601911088189,30,2,-1600,786,4000,0
1602601911088189,31,2,0,0,0,0
1602601911104055,73,1,0,0,0,0
16026019111663,105,1,5535,2746,-14497,0
16026019111663,29,1,464,-3536,-1776,0
16026019111663,29,2,192,-144,4096,0
1602601911182183,30,1,0,0,0,0
1602601911182183,31,1,0,0,0,0
1602601911182183,30,2,-1744,866,3632,0
160260191119775,31,2,0,0,0,0
160260191119775,73,1,0,0,0,0
1602601911228949,73,2,0,0,0,8588
1602601911228949,105,1,5603,2734,-14691,0
1602601911228949,29,1,528,-3648,-1696,0
1602601911244724,29,2,160,-176,3936,0
1602601911244724,30,1,0,0,0,0
1602601911260343,31,1,0,0,0,0
1602601911275609,30,2,-1888,690,3712,0
1602601911275609,31,2,0,0,0,0
1602601911275609,73,1,0,0,0,0
1602601911291533,73,2,0,0,0,8588
1602601911291533,105,1,5501,2707,-14900,0
1602601911306887,29,1,416,-3600,-1712,0
1602601911322523,29,2,208,-176,4096,0
1602601911322523,30,1,0,0,0,0
1602601911322523,31,1,0,0,0,0
160260191133838,30,2,-1760,754,3696,0
160260191133838,31,2,0,0,0,0
1602601911353755,73,1,0,0,0,0
160260191139181,73,2,0,0,0,8588
160260191139181,105,1,5640,2841,-14637,0
160260191139181,29,1,480,-3632,-1728,0
1602601911439044,29,2,240,-192,4000,0
1602601911439044,30,1,0,0,0,0
1602601911439044,31,1,0,0,0,0
160260191147038,30,2,-1728,754,3664,0
160260191147038,31,2,0,0,0,0
160260191147038,73,1,0,0,0,0
1602601911485594,73,2,0,0,0,8592
1602601911485594,105,1,5760,2762,-14804,0
1602601911501486,29,1,464,-3648,-1872,0
1602601911501486,29,2,240,-160,4032,0
1602601911532756,30,1,0,0,0,0
1602601911532756,31,1,0,0,0,0
1602601911548035,30,2,-1888,770,3792,0
1602601911548035,31,2,0,0,0,0
1602601911563992,73,1,0,0,0,0
1602601911579587,73,2,0,0,0,8588
1602601911579587,105,1,5472,2659,-14415,0
1602601911579587,29,1,448,-3584,-1776,0
1602601911594932,29,2,224,-144,4064,0
1602601911594932,30,1,0,0,0,0
1602601911626516,31,1,0,0,0,0
1602601911642045,30,2,-1840,802,3808,0
1602601911642045,31,2,0,0,0,0
1602601911657424,73,1,0,0,0,0
1602601911688985,73,2,0,0,0,8589
1602601911767102,29,1,496,-3680,-1712,0
1602601911767102,29,2,336,-272,4080,0
1602601911782386,30,1,0,0,0,0
1602601911782386,31,1,0,0,0,0
1602601911798292,30,2,-1776,754,3792,0
1602601911798292,31,2,0,0,0,0
1602601911829253,73,1,0,0,0,0
1602601911829253,73,2,0,0,0,8587
1602601911845121,105,1,5737,2679,-14788,0
1602601911845121,29,1,496,-3664,-1648,0
1602601911860462,29,2,208,-144,4000,0
1602601911860462,105,1,5580,2729,-14583,0
1602601911860462,29,1,448,-3584,-1888,0
1602601911876364,29,2,208,-256,3952,0
1602601911876364,30,1,0,0,0,0
1602601911891745,31,1,0,0,0,0
1602601911891745,30,2,-1728,850,3824,0
1602601911891745,31,2,0,0,0,0
1602601911907617,105,1,5600,2982,-14707,0
1602601911907617,29,1,400,-3616,-1824,0
1602601911922983,29,2,192,-160,3968,0
1602601911922983,30,1,0,0,0,0
1602601911922983,31,1,0,0,0,0
1602601911938585,30,2,-1840,850,3664,0
1602601911938585,31,2,0,0,0,0
1602601911938585,73,1,0,0,0,0
1602601911954478,73,2,0,0,0,8587
1602601912063849,105,1,5671,2520,-15033,0
1602601912063849,29,1,432,-3648,-1696,0
1602601912079209,29,2,224,-256,3952,0
1602601912079209,30,1,0,0,0,0
1602601912095081,31,1,0,0,0,0
1602601912095081,30,2,-1760,738,3600,0
1602601912095081,31,2,0,0,0,0
1602601912110451,73,1,0,0,0,0
1602601912110451,73,2,0,0,0,8587
1602601912126331,73,2,0,0,0,8586
1602601912126331,31,2,0,0,0,0
1602601912126331,73,1,0,0,0,0
1602601912141697,73,2,0,0,0,8587
1602601912141697,105,1,5384,2639,-14758,0
1602601912141697,29,1,528,-3632,-1776,0
1602601912157567,29,2,96,-112,4016,0
1602601912157567,30,1,0,0,0,0
1602601912172935,73,1,0,0,0,0
1602601912172935,73,2,0,0,0,8587
1602601912172935,105,1,5648,2640,-14550,0
1602601912188827,29,1,512,-3568,-1920,0
1602601912188827,29,2,256,-208,3904,0
1602601912188827,30,1,0,0,0,0
1602601912204525,31,1,0,0,0,0
1602601912204525,31,2,0,0,0,0
1602601912219791,73,1,0,0,0,0
1602601912219791,73,2,0,0,0,8587
1602601912235786,105,1,5487,2839,-14616,0
1602601912235786,29,1,432,-3584,-1856,0
1602601912235786,29,2,288,-240,4096,0
1602601912251032,30,1,0,0,0,0
1602601912266654,31,1,0,0,0,0
1602601912266654,30,2,-1792,786,3680,0
1602601912283024,31,2,0,0,0,0
1602601912283024,73,1,0,0,0,0
1602601912297966,73,2,0,0,0,8591
1602601912297966,105,1,5456,2741,-14783,0
1602601912345058,29,1,512,-3568,-1808,0
1602601912407574,29,2,176,-160,4096,0
160260191242303,30,1,0,0,0,0
160260191242303,31,1,0,0,0,0
1602601912438481,30,2,-1728,850,3808,0
1602601912438481,31,2,0,0,0,0
1602601912438481,73,1,0,0,0,0
1602601912454366,73,2,0,0,0,8591
1602601912454366,105,1,5595,2921,-14711,0
1602601912470008,29,1,448,-3648,-1808,0
1602601912470008,29,1,480,-3648,-1712,0
1602601912470008,29,2,272,-160,4016,0
1602601912485361,30,1,0,0,0,0
1602601912485361,31,1,0,0,0,0
1602601912501237,30,2,-1808,818,3760,0
1602601912501237,31,2,0,0,0,0
1602601912517019,73,1,0,0,0,0
1602601912517019,30,2,-1712,738,3776,0
1602601912532457,31,2,0,0,0,0
1602601912532457,73,1,0,0,0,0
16026019125482,73,2,0,0,0,8588
16026019125482,105,1,5595,3035,-14222,0
1602601912657524,29,1,480,-3552,-1920,0
1602601912673068,73,1,0,0,0,0
1602601912673068,73,2,0,0,0,8588
1602601912688428,105,1,5595,2593,-14246,0
1602601912688428,29,1,464,-3632,-1824,0
1602601912704321,29,2,96,-144,4016,0
1602601912704321,30,1,0,0,0,0
1602601912704321,31,1,0,0,0,0
1602601912719671,30,1,0,0,0,0
1602601912719671,31,1,0,0,0,0
1602601912719671,30,2,-1696,754,3728,0
1602601912735556,31,2,0,0,0,0
1602601912735556,73,1,0,0,0,0
1602601912735556,73,2,0,0,0,8590
1602601912750914,30,1,0,0,0,0
1602601912750914,31,1,0,0,0,0
1602601912766813,30,2,-1744,722,3712,0
1602601912766813,30,1,0,0,0,0
1602601912766813,31,1,0,0,0,0
160260191278216,30,2,-1728,834,3728,0
160260191278216,73,1,0,0,0,0
1602601912798059,73,2,0,0,0,8588
1602601912798059,105,1,5671,2670,-14587,0
1602601912798059,29,1,400,-3568,-1776,0
1602601912813767,29,2,208,-192,3968,0
1602601912813767,30,1,0,0,0,0
1602601912829404,31,1,0,0,0,0
1602601912829404,29,1,464,-3568,-1776,0
1602601912829404,29,2,256,-192,4016,0
1602601912844945,30,1,0,0,0,0
1602601912844945,31,1,0,0,0,0
1602601912844945,105,1,5634,2916,-14791,0
1602601912860594,29,1,464,-3616,-1920,0
1602601912876178,29,2,144,-192,4000,0
1602601912876178,30,1,0,0,0,0
1602601912876178,31,1,0,0,0,0
1602601912876178,30,2,-1824,786,3632,0
1602601912891692,31,2,0,0,0,0
1602601912891692,73,1,0,0,0,0
1602601913016795,73,2,0,0,0,8586
1602601913016795,105,1,5375,2898,-14727,0
1602601913016795,105,1,5679,2930,-14968,0
1602601913032114,29,2,288,-144,4032,0
1602601913032114,30,1,0,0,0,0
160260191304768,31,1,0,0,0,0
160260191304768,30,2,-1760,818,3664,0
160260191304768,31,2,0,0,0,0
1602601913063668,73,1,0,0,0,0
1602601913063668,30,2,-1712,738,3760,0
1602601913063668,31,2,0,0,0,0
1602601913078971,73,1,0,0,0,0
1602601913078971,73,2,0,0,0,8590
1602601913078971,105,1,5383,2686,-14186,0
1602601913094857,29,1,496,-3680,-1872,0
1602601913094857,29,2,240,-176,4032,0
1602601913110493,30,1,0,0,0,0
1602601913110493,31,1,0,0,0,0
1602601913125788,30,2,-1744,722,3552,0
1602601913125788,31,2,0,0,0,0
1602601913125788,73,1,0,0,0,0
1602601913141729,73,2,0,0,0,8590
1602601913141729,105,1,5631,2998,-14566,0
1602601913157076,29,1,432,-3776,-1728,0
1602601913157076,29,2,256,-208,3872,0
1602601913157076,30,1,0,0,0,0
1602601913172967,31,1,0,0,0,0
1602601913172967,30,2,-1712,658,3728,0
1602601913172967,31,2,0,0,0,0
1602601913188321,73,1,0,0,0,0
1602601913188321,30,2,-1792,802,3792,0
1602601913204219,31,2,0,0,0,0
1602601913235444,73,1,0,0,0,0
1602601913235444,73,2,0,0,0,8591
1602601913235444,105,1,5645,2860,-14841,0
1602601913250974,29,1,384,-3680,-1808,0
1602601913313623,29,2,128,-144,3872,0
1602601913313623,30,1,0,0,0,0
1602601913313623,31,1,0,0,0,0
1602601913328908,30,2,-1776,754,3664,0
1602601913328908,31,2,0,0,0,0
1602601913344796,73,1,0,0,0,0
1602601913344796,73,2,0,0,0,8591
1602601913344796,105,1,5323,2650,-14431,0
1602601913376134,29,1,480,-3664,-1824,0
1602601913376134,29,2,96,-192,3904,0
1602601913376134,30,1,0,0,0,0
1602601913391708,31,1,0,0,0,0
1602601913391708,30,2,-1744,690,3648,0
1602601913391708,31,2,0,0,0,0
1602601913407005,73,1,0,0,0,0
1602601913407005,73,2,0,0,0,8591
1602601913422874,105,1,5385,2881,-14260,0
1602601913422874,29,1,384,-3552,-1600,0
1602601913438248,29,2,128,-112,3840,0
1602601913438248,30,1,0,0,0,0
1602601913438248,31,1,0,0,0,0
1602601913453987,30,2,-1808,738,3856,0
1602601913453987,31,2,0,0,0,0
1602601913469497,73,1,0,0,0,0
1602601913469497,73,2,0,0,0,8589
1602601913469497,105,1,5610,2558,-14883,0
1602601913485354,29,1,496,-3584,-1760,0
1602601913485354,29,2,240,-160,4064,0
1602601913500733,30,1,0,0,0,0
1602601913500733,31,1,0,0,0,0
1602601913516665,30,2,-1712,802,3696,0
1602601913531984,30,2,-1680,866,3664,0
1602601913531984,29,2,160,-144,3840,0
1602601913531984,30,1,0,0,0,0
1602601913547856,31,1,0,0,0,0
1602601913547856,30,2,-1792,626,3616,0
1602601913610411,31,2,0,0,0,0
1602601913610411,73,1,0,0,0,0
1602601913625985,73,2,0,0,0,8591
1602601913625985,105,1,5427,2719,-14932,0
1602601913625985,29,1,416,-3568,-1808,0
1602601913641303,29,2,128,-224,3920,0
1602601913641303,30,1,0,0,0,0
160260191365723,31,1,0,0,0,0
160260191365723,30,2,-1664,674,3600,0
160260191365723,31,2,0,0,0,0
1602601913672569,73,1,0,0,0,0
1602601913672569,30,1,0,0,0,0
1602601865688358,31,1,0,0,0,0
1602601913688358,30,2,-1840,834,3680,0
1602601913688358,31,2,0,0,0,0
1602601913704061,73,1,0,0,0,0
1602601913704061,73,2,0,0,0,8587
1602601913719464,30,1,0,0,0,0
1602601913719464,31,1,0,0,0,0
1602601913719464,30,2,-1728,690,3424,0
1602601913719464,31,2,0,0,0,0
1602601913735309,73,1,0,0,0,0
1602601913735309,73,2,0,0,0,8591
1602601913750679,105,1,5549,2439,-15213,0
1602601913750679,29,1,480,-3680,-1664,0
1602601913750679,29,2,208,-192,4016,0
1602601913766557,30,1,0,0,0,0
1602601913766557,31,1,0,0,0,0
1602601913781924,30,2,-1728,754,3696,0
1602601913781924,31,2,0,0,0,0
1602601913781924,73,1,0,0,0,0
1602601913797811,73,2,0,0,0,8591
1602601913797811,105,1,5703,2955,-14892,0
1602601913909293,29,1,496,-3712,-1776,0
1602601913924854,29,2,128,-128,3952,0
1602601913924854,30,1,0,0,0,0
1602601913924854,31,1,0,0,0,0
160260191394016,30,2,-1712,786,3952,0
160260191394016,31,2,0,0,0,0
1602601913955932,73,1,0,0,0,0
1602601913955932,73,2,0,0,0,8593
1602601913955932,105,1,5755,2666,-14566,0
1602601913971681,29,1,656,-3680,-1776,0
1602601913971681,29,2,192,-112,4096,0
1602601913987056,30,1,0,0,0,0
1602601913987056,31,1,0,0,0,0
1602601913987056,30,2,-1904,914,3696,0
160260191400293,31,2,0,0,0,0
160260191404989,73,1,0,0,0,0
1602601914065451,73,2,0,0,0,8593
1602601914065451,105,1,5429,2324,-14470,0
1602601914080786,29,1,352,-3680,-1680,0
1602601914080786,29,2,368,-80,3856,0
1602601914080786,30,1,0,0,0,0
1602601914096654,31,1,0,0,0,0
1602601914096654,30,2,-1680,610,3728,0
1602601914127659,30,2,-2000,818,3328,0
1602601914127659,31,2,0,0,0,0
1602601914127659,73,1,0,0,0,0
1602601914143532,73,2,0,0,0,8588
1602601914143532,105,1,5935,2363,-14203,0
1602601914250113,29,1,608,-3536,-1600,0
16026019142654,29,2,144,-80,4000,0
16026019142654,30,1,0,0,0,0
1602601914281204,31,1,0,0,0,0
1602601914281204,30,2,-1904,818,3632,0
1602601914281204,31,2,0,0,0,0
1602601914296887,73,1,0,0,0,0
1602601914296887,73,2,0,0,0,8588
1602601914296887,105,1,5978,2246,-14546,0
1602601914312223,29,1,704,-3632,-1760,0
1602601914312223,29,2,160,-96,3872,0
1602601914328136,30,1,0,0,0,0
1602601914328136,31,1,0,0,0,0
1602601914328136,30,2,-1936,1074,3600,0
1602601914343466,31,2,0,0,0,0
1602601914343466,73,1,0,0,0,0
1602601914343466,73,2,0,0,0,8588
1602601914359374,105,1,5420,2040,-13731,0
1602601914375022,29,1,592,-3520,-1728,0
1602601914375022,29,2,176,-144,4064,0
1602601914375022,30,1,0,0,0,0
160260191439037,31,1,0,0,0,0
160260191439037,30,2,-1984,914,3392,0
160260191439037,31,2,0,0,0,0
1602601914421934,73,1,0,0,0,0
1602601914421934,73,2,0,0,0,8589
1602601914437517,105,1,5832,2212,-15122,0
1602601914437517,29,2,224,-224,3984,0
1602601914437517,30,1,0,0,0,0
1602601914453217,31,1,0,0,0,0
1602601914468875,30,2,-1856,738,3744,0
1602601914474997,29,2,160,-112,3968,0
1602601914474997,30,1,0,0,0,0
1602601914487522,31,1,0,0,0,0
1602601914487522,30,2,-1872,946,3776,0
1602601914487522,31,2,0,0,0,0
1602601914503453,73,1,0,0,0,0
1602601914565634,73,2,0,0,0,8591
1602601914565634,105,1,6047,2710,-14316,0
1602601914565634,30,2,-1824,834,3616,0
1602601914581487,31,2,0,0,0,0
1602601914581487,73,1,0,0,0,0
1602601914596912,73,2,0,0,0,8591
1602601914596912,105,1,5963,2485,-14400,0
1602601914628445,29,1,640,-3632,-1616,0
1602601914628445,29,2,336,-192,4080,0
1602601914628445,30,1,0,0,0,0
1602601914643779,31,1,0,0,0,0
1602601914643779,30,2,-1840,866,3456,0
1602601914675356,31,2,0,0,0,0
1602601914675356,73,1,0,0,0,0
1602601914675356,73,2,0,0,0,8589
1602601914690607,105,1,5785,2410,-14514,0
1602601914690607,29,1,640,-3616,-1616,0
1602601914706232,29,2,224,-176,3984,0
1602601914706232,30,1,0,0,0,0
1602601914722135,31,1,0,0,0,0
1602601914722135,30,2,-1840,850,3648,0
1602601914737471,31,2,0,0,0,0
1602601914737471,73,1,0,0,0,0
1602601914737471,73,2,0,0,0,8589
1602601914753391,105,1,5917,1863,-14509,0
160260191476875,29,1,640,-3568,-1744,0
160260191476875,29,2,128,-160,3968,0
160260191476875,30,1,0,0,0,0
1602601914784647,31,1,0,0,0,0
1602601914784647,30,2,-1792,802,3680,0
1602601914784647,105,1,6063,2816,-14514,0
1602601914799995,29,1,560,-3648,-1712,0
1602601914853259,29,2,192,-160,3968,0
1602601914868794,30,1,0,0,0,0
1602601914868794,31,1,0,0,0,0
1602601914868794,30,2,-1792,834,3616,0
1602601914884022,31,2,0,0,0,0
1602601914884022,73,1,0,0,0,0
160260191489997,73,2,0,0,0,8588
160260191489997,105,1,5789,2008,-15463,0
160260191489997,29,1,560,-3648,-1632,0
1602601914915302,29,2,192,-144,3904,0
1602601914915302,30,1,0,0,0,0
16026019149312,31,1,0,0,0,0
16026019149312,30,2,-1856,754,3888,0
16026019149312,31,2,0,0,0,0
1602601914946544,73,1,0,0,0,0
1602601914946544,73,2,0,0,0,8588
1602601914962445,105,1,5648,2818,-15073,0
1602601914962445,29,1,496,-3616,-1744,0
1602601914962445,29,2,240,-144,4000,0
1602601914977751,30,1,0,0,0,0
1602601914977751,31,1,0,0,0,0
1602601914993371,30,2,-1856,882,3584,0
1602601914993371,31,2,0,0,0,0
1602601914993371,73,1,0,0,0,0
160260191500903,73,2,0,0,0,8590
160260191500903,105,1,6009,2345,-13846,0
1602601915024923,29,1,688,-3632,-1680,0
1602601915024923,29,2,160,-112,4048,0
1602601915024923,30,1,0,0,0,0
1602601915040519,31,1,0,0,0,0
1602601915040519,30,2,-1776,738,3616,0
1602601915056051,73,2,0,0,0,8591
1602601915071833,105,1,7325,2606,-13955,0
1602601915087144,29,1,736,-3824,-1536,0
1602601915087144,29,2,240,-240,3968,0
1602601915087144,30,1,0,0,0,0
1602601915103018,31,1,0,0,0,0
1602601915181195,30,2,-1760,882,4048,0
1602601915181195,31,2,0,0,0,0
1602601915196483,73,1,0,0,0,0
1602601915196483,73,2,0,0,0,8591
1602601915212341,105,1,6637,2227,-15299,0
1602601915227724,29,1,528,-3728,-1424,0
1602601915227724,29,2,288,-176,3920,0
1602601915227724,30,1,0,0,0,0
1602601915243635,31,1,0,0,0,0
1602601915243635,30,2,-1632,1074,3760,0
1602601915258968,31,2,0,0,0,0
1602601915258968,73,1,0,0,0,0
1602601915258968,73,2,0,0,0,8591
1602601915274866,105,1,7193,2111,-14266,0
1602601915274866,29,1,720,-3808,-1328,0
1602601915274866,29,2,368,-464,3648,0
1602601915290222,30,1,0,0,0,0
1602601915290222,73,1,0,0,0,0
1602601915306115,73,2,0,0,0,8593
1602601915306115,105,1,6636,3137,-14487,0
1602601915321462,29,1,624,-3840,-1472,0
1602601915321462,29,2,352,-320,3872,0
1602601915321462,73,2,0,0,0,8592
1602601915337346,105,1,8127,887,-13345,0
1602601915337346,29,1,864,-3616,-784,0
1602601915337346,29,2,480,-624,4224,0
1602601915384278,30,1,0,0,0,0
1602601915384278,31,1,0,0,0,0
1602601915384278,30,2,-1456,1218,3744,0
1602601915399527,31,2,0,0,0,0
1602601915399527,73,1,0,0,0,0
1602601915478,73,2,0,0,0,8592
1602601915478,105,1,7579,268,-12749,0
1602601915493288,29,1,864,-3552,-816,0
1602601915493288,29,2,384,-352,3568,0
1602601915509158,30,1,0,0,0,0
1602601915509158,31,1,0,0,0,0
1602601915524531,30,2,-1344,626,3520,0
1602601915524531,31,2,0,0,0,0
1602601915524531,73,1,0,0,0,0
1602601915540374,73,2,0,0,0,8592
1602601915540374,105,1,7971,1287,-12283,0
1602601915555772,29,1,704,-3776,-1152,0
1602601915555772,29,2,480,-224,3952,0
1602601915555772,30,1,0,0,0,0
160260191557174,31,1,0,0,0,0
160260191557174,30,2,-1392,610,3648,0
160260191557174,31,2,0,0,0,0
1602601915587336,73,1,0,0,0,0
1602601915587336,73,2,0,0,0,8592
1602601915602963,105,1,9034,1766,-12277,0
1602601915602963,29,1,1008,-3936,-848,0
1602601915618617,30,2,-1280,898,4048,0
1602601915618617,31,2,0,0,0,0
1602601915618617,73,1,0,0,0,0
1602601915634102,73,2,0,0,0,8591
1602601915634102,105,1,9856,2552,-13812,0
1602601915649787,29,1,1008,-4224,-896,0
1602601915649787,29,2,1200,-224,4288,0
1602601915681078,31,2,0,0,0,0
1602601915681078,73,1,0,0,0,0
1602601915696365,73,2,0,0,0,8589
1602601915780346,105,1,10031,1956,-13063,0
1602601915780346,29,1,1120,-4080,-560,0
1602601915780346,29,2,544,-912,4032,0
1602601915796274,30,1,0,0,0,0
1602601915796274,29,2,656,-848,4128,0
1602601915827596,30,1,0,0,0,0
1602601915827596,31,1,0,0,0,0
1602601915827596,30,2,-1296,1122,4192,0
160260191584288,31,2,0,0,0,0
160260191584288,30,1,0,0,0,0
160260191584288,31,1,0,0,0,0
1602601915890073,30,2,-1104,1154,4256,0
1602601915921311,31,2,0,0,0,0
1602601915921311,73,1,0,0,0,0
1602601915936889,73,2,0,0,0,8588
1602601915936889,31,1,0,0,0,0
1602601915936889,30,2,-1104,1218,3744,0
1602601915936889,31,2,0,0,0,0
1602601915952603,73,1,0,0,0,0
1602601915952603,73,2,0,0,0,8588
160260191596822,105,1,9536,1327,-12702,0
160260191596822,29,1,928,-3936,-704,0
160260191596822,30,1,0,0,0,0
1602601915983772,31,1,0,0,0,0
1602601915983772,30,2,-1200,1090,3936,0
1602601915999395,31,2,0,0,0,0
1602601915999395,73,1,0,0,0,0
1602601916108399,73,2,0,0,0,8588
1602601916124342,105,1,9041,404,-13193,0
1602601916124342,30,1,0,0,0,0
1602601916124342,31,1,0,0,0,0
1602601916140018,30,2,-1264,1026,4000,0
1602601916140018,31,2,0,0,0,0
1602601916155549,73,1,0,0,0,0
1602601916186815,73,2,0,0,0,8590
1602601916202348,105,1,8650,661,-13744,0
1602601916202348,29,1,1168,-3648,-736,0
1602601916217791,29,2,640,-992,4112,0
1602601916217791,30,1,0,0,0,0
1602601916217791,31,1,0,0,0,0
1602601916233682,30,2,-1072,1218,4016,0
1602601916233682,31,2,0,0,0,0
1602601916233682,73,1,0,0,0,0
1602601916249038,73,2,0,0,0,8593
1602601916249038,105,1,9511,-1101,-10368,0
1602601916264934,29,1,1360,-3520,-432,0
1602601916264934,29,2,576,-1024,2976,0
1602601916264934,30,1,0,0,0,0
1602601916280277,31,1,0,0,0,0
1602601916280277,30,2,-1232,1106,4032,0
1602601916296002,31,2,0,0,0,0
1602601916296002,73,1,0,0,0,0
160260191632747,73,2,0,0,0,8590
160260191634293,105,1,9414,1318,-14474,0
160260191634293,29,1,1024,-3968,-512,0
160260191634293,29,2,624,-1120,3808,0
1602601916421141,30,1,0,0,0,0
1602601916421141,31,1,0,0,0,0
1602601916421141,30,2,-1200,1090,3760,0
1602601916421141,31,2,0,0,0,0
1602601916436684,73,1,0,0,0,0
1602601916436684,73,2,0,0,0,8588
1602601916452071,105,1,10101,1278,-12097,0
1602601916499255,29,1,1040,-3824,-544,0
1602601916499255,29,2,672,-928,3984,0
1602601916514866,30,1,0,0,0,0
1602601916514866,29,1,1024,-4160,-528,0
1602601916514866,29,2,800,-800,3840,0
1602601916530214,30,1,0,0,0,0
1602601916530214,31,1,0,0,0,0
1602601916545906,30,1,0,0,0,0
1602601916545906,31,1,0,0,0,0
1602601916545906,30,2,-992,1266,3872,0
1602601916561744,31,2,0,0,0,0
1602601916561744,73,1,0,0,0,0
1602601916561744,73,2,0,0,0,8587
1602601916577373,105,1,10335,2429,-13062,0
1602601916577373,29,1,1120,-4032,-672,0
160260191659296,29,2,544,-976,3824,0
160260191659296,30,1,0,0,0,0
160260191659296,31,1,0,0,0,0
160260191660832,30,2,-1472,1218,4064,0
1602601916624271,31,2,0,0,0,0
1602601916624271,73,1,0,0,0,0
1602601916624271,73,2,0,0,0,8587
160260191663956,105,1,10156,108,-13320,0
160260191663956,29,1,1248,-3824,-576,0
160260191671799,29,2,704,-848,3392,0
160260191671799,30,1,0,0,0,0
1602601916733638,31,1,0,0,0,0
1602601916733638,30,2,-1040,1154,3728,0
1602601916733638,31,2,0,0,0,0
1602601916748953,73,1,0,0,0,0
1602601916748953,73,2,0,0,0,8593
1602601916827021,105,1,8467,30,-12835,0
1602601916827021,29,1,944,-3552,-592,0
160260191684291,29,2,640,-688,3728,0
160260191684291,30,1,0,0,0,0
160260191684291,31,1,0,0,0,0
1602601916858273,30,2,-1120,1138,3856,0
1602601916858273,31,2,0,0,0,0
1602601916858273,73,1,0,0,0,0
1602601916874178,73,2,0,0,0,8591
1602601916874178,105,1,10119,-718,-12610,0
1602601916889466,29,1,1136,-3632,-512,0
1602601916889466,29,2,800,-1008,3520,0
1602601916889466,30,1,0,0,0,0
1602601916920984,31,1,0,0,0,0
1602601916920984,30,2,-1088,1186,3488,0
1602601916920984,31,2,0,0,0,0
1602601916920984,73,1,0,0,0,0
1602601916936618,73,2,0,0,0,8591
1602601916936618,105,1,9565,-34,-13472,0
1602601916951991,29,1,928,-3760,-336,0
1602601917014807,29,2,656,-832,3728,0
1602601917030098,30,1,0,0,0,0
1602601917030098,31,1,0,0,0,0
1602601917045988,30,2,-1120,1010,3792,0
1602601917045988,31,2,0,0,0,0
1602601917045988,73,1,0,0,0,0
1602601917061511,73,2,0,0,0,8593
1602601917061511,105,1,9385,307,-12258,0
1602601917076987,29,1,1088,-3712,-640,0
1602601917076987,29,2,784,-912,3456,0
1602601917076987,30,1,0,0,0,0
1602601917092834,31,2,0,0,0,0
1602601917092834,73,1,0,0,0,0
160260191710844,73,2,0,0,0,8593
160260191710844,31,2,0,0,0,0
160260191710844,73,1,0,0,0,0
160260191710844,73,2,0,0,0,8595
1602601917123787,105,1,9838,-803,-12120,0
1602601917123787,29,1,1520,-3808,-416,0
1602601917139645,29,2,368,-1392,3904,0
1602601917139645,30,1,0,0,0,0
1602601917139645,31,1,0,0,0,0
1602601917170969,30,2,-1008,1778,3728,0
1602601917170969,31,2,0,0,0,0
160260191718631,73,1,0,0,0,0
160260191718631,30,1,0,0,0,0
1602601917202329,29,2,672,-1440,3504,0
1602601917233549,30,1,0,0,0,0
1602601917233549,31,1,0,0,0,0
1602601917233549,30,2,-528,1522,3904,0
1602601917249119,31,2,0,0,0,0
1602601917327232,73,1,0,0,0,0
1602601917342775,73,2,0,0,0,8591
1602601917342775,105,1,10936,-1376,-11922,0
1602601917342775,29,1,1776,-3664,-464,0
1602601917358149,29,2,784,-1584,3616,0
1602601917358149,30,1,0,0,0,0
1602601917374139,31,1,0,0,0,0
1602601917374139,30,2,-816,1602,3984,0
1602601917374139,31,2,0,0,0,0
160260191738939,73,1,0,0,0,0
160260191738939,29,2,624,-1296,3808,0
160260191740532,30,1,0,0,0,0
160260191740532,31,1,0,0,0,0
1602601917420904,30,2,-912,1378,3824,0
1602601917420904,31,2,0,0,0,0
1602601917420904,73,1,0,0,0,0
1602601917436254,73,2,0,0,0,8590
1602601917436254,29,1,1408,-3584,-336,0
1602601917452143,29,2,720,-1136,3728,0
1602601917483449,30,1,0,0,0,0
1602601917483449,31,1,0,0,0,0
1602601917483449,30,2,-928,1362,3856,0
1602601917498738,31,2,0,0,0,0
1602601917498738,73,1,0,0,0,0
1602601917545564,73,2,0,0,0,8590
1602601917545564,105,1,10568,-1075,-11450,0
1602601917624084,29,1,1552,-3824,-416,0
1602601917639651,29,2,672,-1056,3680,0
1602601917639651,30,1,0,0,0,0
1602601917639651,31,1,0,0,0,0
1602601917654955,30,2,-912,1362,3920,0
1602601917670533,31,2,0,0,0,0
1602601917670533,73,1,0,0,0,0
1602601917686406,73,2,0,0,0,8590
1602601917686406,105,1,10698,-921,-11561,0
1602601917686406,105,1,10337,-1051,-12048,0
1602601917701815,29,1,1328,-3808,-240,0
1602601917717752,29,2,896,-1056,3840,0
1602601917717752,105,1,9504,-461,-13629,0
1602601917733051,29,1,1280,-3664,-608,0
1602601917733051,29,2,656,-992,3872,0
1602601917748943,30,1,0,0,0,0
1602601917748943,31,1,0,0,0,0
1602601917748943,30,2,-1072,1202,3888,0
1602601917764299,31,2,0,0,0,0
1602601917764299,73,1,0,0,0,0
1602601917764299,30,2,-1456,1314,3632,0
1602601917780183,31,2,0,0,0,0
1602601917780183,73,1,0,0,0,0
1602601917795542,73,2,0,0,0,8593
1602601917795542,105,1,9489,873,-13391,0
1602601917795542,29,1,1104,-3760,-512,0
1602601917842369,29,2,544,-912,3952,0
1602601917842369,30,1,0,0,0,0
1602601917842369,31,1,0,0,0,0
1602601917940334,30,2,-1040,1330,4016,0
1602601917971265,31,2,0,0,0,0
1602601917971265,73,1,0,0,0,0
1602601917971265,73,2,0,0,0,8591
1602601917987156,105,1,9696,-53,-12575,0
1602601917987156,29,1,1264,-3888,-752,0
1602601917987156,29,2,512,-912,4256,0
1602601918002523,30,1,0,0,0,0
1602601918002523,31,1,0,0,0,0
1602601918018409,30,2,-1280,1218,3904,0
1602601918018409,31,2,0,0,0,0
1602601918018409,73,1,0,0,0,0
1602601918033717,73,2,0,0,0,8591
1602601918033717,105,1,9503,398,-13227,0
1602601918049655,29,1,1232,-3760,-656,0
1602601918049655,29,1,1120,-3744,-176,0
1602601918064999,29,2,384,-1216,3344,0
1602601918064999,30,1,0,0,0,0
1602601918064999,31,1,0,0,0,0
1602601918080909,30,2,-1008,1474,3680,0
1602601918080909,31,2,0,0,0,0
1602601918080909,73,1,0,0,0,0
1602601918096205,31,2,0,0,0,0
1602601918096205,73,1,0,0,0,0
1602601918127807,73,2,0,0,0,8596
1602601918127807,105,1,9603,-46,-12005,0
1602601918127807,29,1,1328,-3568,-576,0
1602601918143275,29,2,688,-1056,3824,0
1602601918143275,30,1,0,0,0,0
1602601918189933,31,1,0,0,0,0
1602601918189933,30,2,-992,1234,3792,0
1602601918189933,31,2,0,0,0,0
1602601918205852,73,1,0,0,0,0
1602601918268414,73,2,0,0,0,8591
1602601918268414,105,1,9551,-226,-12360,0
1602601918283706,29,1,1280,-3632,-560,0
1602601918283706,29,2,864,-1088,4464,0
16026019182996,30,1,0,0,0,0
16026019182996,31,1,0,0,0,0
16026019182996,30,2,-912,1122,4304,0
16026019182996,31,2,0,0,0,0
1602601918314941,73,1,0,0,0,0
1602601918314941,31,2,0,0,0,0
1602601918330658,73,1,0,0,0,0
1602601918330658,73,2,0,0,0,8591
1602601918330658,105,1,8455,424,-12526,0
1602601918346427,29,1,1152,-3664,-720,0
1602601918346427,29,2,304,-912,3776,0
1602601918362095,30,1,0,0,0,0
1602601918362095,31,1,0,0,0,0
1602601918377424,30,2,-1440,1266,3456,0
1602601918377424,31,2,0,0,0,0
1602601918377424,73,1,0,0,0,0
1602601918393321,73,2,0,0,0,8590
1602601918393321,105,1,7387,-162,-14156,0
1602601918393321,29,1,1312,-3776,-1104,0
1602601918408684,29,2,16,-592,3680,0
1602601918408684,30,1,0,0,0,0
1602601918424569,31,1,0,0,0,0
1602601918424569,30,2,-1696,1218,3312,0
1602601918424569,31,2,0,0,0,0
1602601918439911,73,1,0,0,0,0
1602601918439911,73,2,0,0,0,8593
1602601918455811,105,1,7232,1428,-14614,0
1602601918487067,29,2,272,-736,4128,0
1602601918502637,30,1,0,0,0,0
1602601918565282,31,1,0,0,0,0
1602601918565282,30,2,-1728,1122,3664,0
1602601918565282,31,2,0,0,0,0
1602601918580782,73,2,0,0,0,8593
1602601918580782,105,1,7853,645,-15415,0
1602601918596395,29,1,1072,-3792,-1184,0
1602601918596395,29,2,448,-528,3920,0
1602601918612047,105,1,9392,1590,-13022,0
1602601918612047,29,1,832,-4032,-832,0
1602601918627371,29,2,512,-576,3968,0
1602601918627371,30,1,0,0,0,0
1602601918643281,31,1,0,0,0,0
1602601918643281,30,2,-1408,898,3920,0
1602601918643281,31,2,0,0,0,0
160260191865861,73,1,0,0,0,0
160260191865861,73,2,0,0,0,8590
16026019186745,105,1,8622,920,-14289,0
16026019186745,29,1,1008,-3792,-864,0
16026019186745,29,2,432,-640,4080,0
1602601918690125,30,1,0,0,0,0
1602601918690125,31,1,0,0,0,0
1602601918705749,30,2,-1344,1026,3856,0
1602601918705749,31,2,0,0,0,0
1602601918705749,73,1,0,0,0,0
1602601918721337,73,2,0,0,0,8590
1602601918721337,105,1,8419,764,-13243,0
1602601918736679,29,2,496,-592,3904,0
1602601918736679,30,1,0,0,0,0
1602601918736679,31,1,0,0,0,0
1602601918736679,30,2,-1280,850,3888,0
1602601918768281,31,2,0,0,0,0
1602601918768281,73,1,0,0,0,0
1602601918768281,73,2,0,0,0,8587
1602601918783854,31,1,0,0,0,0
1602601918783854,30,2,-1840,978,3168,0
1602601918783854,31,2,0,0,0,0
1602601918799202,73,1,0,0,0,0
1602601918863823,31,2,0,0,0,0
1602601918879366,73,1,0,0,0,0
1602601918879366,73,2,0,0,0,8592
1602601918879366,105,1,6080,914,-14954,0
1602601918894718,29,1,576,-3840,-1024,0
1602601918894718,29,2,-192,-480,3744,0
1602601918926301,30,1,0,0,0,0
160260191894158,105,1,7115,1974,-14934,0
160260191894158,29,1,848,-3888,-1200,0
1602601918957478,29,2,64,-144,3648,0
1602601918957478,30,1,0,0,0,0
1602601918957478,31,1,0,0,0,0
1602601918973021,30,2,-1632,978,3776,0
1602601918973021,31,2,0,0,0,0
1602601918988454,73,1,0,0,0,0
1602601918988454,73,2,0,0,0,8592
1602601918988454,105,1,6567,319,-12949,0
1602601919004315,29,1,960,-3472,-1392,0
1602601919004315,29,2,112,-576,4000,0
1602601919019656,30,1,0,0,0,0
1602601919019656,31,1,0,0,0,0
1602601919019656,29,1,880,-3824,-1024,0
160260191903557,29,2,-64,-640,4320,0
160260191903557,30,1,0,0,0,0
160260191903557,31,1,0,0,0,0
1602601919050937,73,2,0,0,0,8589
1602601919066875,29,2,32,-464,4000,0
1602601919082177,30,1,0,0,0,0
1602601919082177,31,1,0,0,0,0
1602601919098084,30,2,-1792,1026,3648,0
1602601919098084,31,2,0,0,0,0
1602601919176233,73,1,0,0,0,0
1602601919176233,73,2,0,0,0,8593
1602601919191776,105,1,6961,1546,-14162,0
1602601919191776,29,1,912,-3664,-1040,0
1602601919207143,29,2,0,-480,4032,0
1602601919207143,30,1,0,0,0,0
1602601919207143,31,1,0,0,0,0
1602601919223025,30,2,-1744,962,3664,0
1602601919223025,31,2,0,0,0,0
1602601919223025,73,1,0,0,0,0
1602601919238403,73,2,0,0,0,8593
1602601919238403,105,1,6979,1088,-14054,0
1602601919254284,29,1,928,-3712,-1264,0
1602601919254284,29,2,48,-528,4048,0
1602601919269815,30,1,0,0,0,0
1602601919269815,31,1,0,0,0,0
1602601919269815,30,2,-1744,1026,3600,0
1602601919285278,31,2,0,0,0,0
1602601919285278,73,2,0,0,0,8593
1602601919301277,105,1,6891,1304,-14443,0
1602601919301277,29,1,864,-3824,-1280,0
1602601919316917,29,2,32,-480,4000,0
160260191933208,30,1,0,0,0,0
160260191933208,73,1,0,0,0,0
160260191933208,73,2,0,0,0,8588
1602601919348038,105,1,6708,1419,-14171,0
1602601919457411,29,1,896,-3744,-1312,0
1602601919472964,30,1,0,0,0,0
1602601919472964,31,1,0,0,0,0
1602601919472964,30,2,-1856,930,3632,0
1602601919488688,31,2,0,0,0,0
1602601919488688,73,1,0,0,0,0
1602601919488688,73,2,0,0,0,8591
1602601919504332,105,1,6633,1622,-14272,0
1602601919519907,29,1,864,-3696,-1152,0
1602601919519907,29,2,176,-352,4096,0
1602601919535516,30,1,0,0,0,0
1602601919535516,31,1,0,0,0,0
1602601919535516,30,2,-1744,1138,3680,0
1602601919551076,31,2,0,0,0,0
1602601919551076,73,1,0,0,0,0
1602601919566758,73,2,0,0,0,8591
1602601919582331,105,1,6603,717,-14616,0
1602601919582331,29,1,864,-3728,-1296,0
1602601919582331,29,2,32,-384,3840,0
1602601919597677,30,1,0,0,0,0
1602601919597677,31,1,0,0,0,0
1602601919613264,30,2,-1824,1042,3728,0
1602601919613264,31,2,0,0,0,0
1602601919629306,73,1,0,0,0,0
1602601919629306,73,2,0,0,0,8592
1602601919629306,105,1,6640,1840,-14597,0
1602601919644891,29,1,832,-3712,-1328,0
1602601919644891,29,2,112,-400,4080,0
1602601919691786,30,1,0,0,0,0
1602601919691786,31,1,0,0,0,0
1602601919707029,30,2,-1744,914,3744,0
1602601919785449,31,2,0,0,0,0
1602601919800944,30,2,-1760,962,3552,0
1602601919816696,31,2,0,0,0,0
1602601919816696,73,1,0,0,0,0
1602601919832004,73,2,0,0,0,8592
1602601919832004,105,1,6719,1614,-14196,0
1602601919847886,29,1,912,-3696,-1296,0
1602601919847886,29,2,96,-288,3968,0
1602601919879144,30,1,0,0,0,0
1602601919879144,31,1,0,0,0,0
1602601919879144,105,1,6604,1380,-14442,0
1602601919894492,29,1,848,-3664,-1344,0
1602601919894492,29,2,128,-336,3984,0
1602601919910316,30,1,0,0,0,0
1602601919910316,31,1,0,0,0,0
1602601919925952,30,2,-1824,898,3648,0
1602601919925952,31,2,0,0,0,0
1602601919925952,73,1,0,0,0,0
1602601919941352,73,2,0,0,0,8589
1602601919941352,105,1,6777,1435,-14402,0
1602601919956972,29,1,912,-3728,-1456,0
1602601919956972,29,2,192,-352,3920,0
1602601919972595,30,1,0,0,0,0
1602601919972595,31,1,0,0,0,0
1602601919972595,30,2,-1808,994,3632,0
1602601919988329,31,2,0,0,0,0
1602601919988329,73,1,0,0,0,0
1602601919988329,73,2,0,0,0,8589
1602601920019743,105,1,6460,1480,-14293,0
1602601920035118,29,1,944,-3744,-1344,0
1602601920035118,29,2,128,-304,4048,0
1602601920050691,30,1,0,0,0,0
1602601920050691,31,1,0,0,0,0
1602601920129183,30,2,-1856,978,3680,0
1602601920129183,31,2,0,0,0,0
1602601920144696,73,1,0,0,0,0
1602601920144696,73,2,0,0,0,8589
1602601920175999,105,1,6469,1725,-14623,0
1602601920191288,29,1,880,-3664,-1344,0
1602601920191288,29,2,176,-288,3904,0
1602601920207189,73,1,0,0,0,0
1602601920207189,73,2,0,0,0,8593
1602601920207189,105,1,6320,1413,-14458,0
1602601920222532,29,1,832,-3536,-1216,0
1602601920222532,29,2,240,-384,4096,0
160260192023838,30,1,0,0,0,0
160260192023838,30,2,-1344,1010,3232,0
160260192023838,31,2,0,0,0,0
1602601920253745,73,1,0,0,0,0
1602601920253745,73,2,0,0,0,8590
1602601920269678,105,1,7663,2076,-12928,0
1602601920269678,29,1,768,-3696,-944,0
1602601920269678,29,2,224,-720,4720,0
160260192028503,30,1,0,0,0,0
160260192028503,31,1,0,0,0,0
1602601920300833,30,2,-1312,1010,3712,0
1602601920300833,31,2,0,0,0,0
1602601920332148,73,1,0,0,0,0
1602601920332148,73,2,0,0,0,8590
1602601920347502,105,1,7814,1392,-14744,0
1602601920441572,29,1,1168,-3728,-976,0
1602601920441572,29,2,176,-320,4656,0
1602601920441572,30,1,0,0,0,0
1602601920456851,31,1,0,0,0,0
1602601920456851,30,2,-1488,1186,4320,0
1602601920472823,31,2,0,0,0,0
1602601920472823,29,2,368,-528,3632,0
1602601920472823,30,1,0,0,0,0
1602601920472823,31,1,0,0,0,0
1602601920488059,30,2,-2016,722,3760,0
1602601920488059,31,2,0,0,0,0
1602601920504003,31,1,0,0,0,0
1602601920504003,30,2,-1696,978,3840,0
1602601920504003,31,2,0,0,0,0
1602601920519347,73,1,0,0,0,0
1602601920519347,73,2,0,0,0,8591
1602601920535241,105,1,8121,2862,-13374,0
1602601920535241,29,1,688,-3728,-928,0
1602601920535241,29,2,400,-288,3936,0
1602601920550546,30,1,0,0,0,0
1602601920550546,31,1,0,0,0,0
1602601920566443,30,2,-1664,834,3696,0
1602601920566443,31,2,0,0,0,0
1602601920566443,73,1,0,0,0,0
1602601920582026,73,2,0,0,0,8592
1602601920582026,105,1,8228,2564,-13800,0
1602601920597413,29,1,592,-3904,-1008,0
1602601920597413,29,2,304,-320,4032,0
1602601920629008,30,1,0,0,0,0
1602601920644275,31,1,0,0,0,0
1602601920644275,30,2,-1648,914,3808,0
1602601920707126,31,2,0,0,0,0
1602601920722583,29,1,816,-3904,-944,0
1602601920722583,29,2,224,-384,3984,0
1602601920722583,30,1,0,0,0,0
1602601920738053,31,1,0,0,0,0
1602601920738053,30,2,-1712,786,3840,0
1602601920753944,105,1,7731,2527,-13383,0
1602601920769555,29,1,704,-3856,-1024,0
1602601920785151,29,2,256,-320,3984,0
1602601920785151,30,1,0,0,0,0
1602601920785151,31,1,0,0,0,0
1602601920800521,30,2,-1600,818,3840,0
1602601920800521,31,2,0,0,0,0
1602601920816151,73,2,0,0,0,8594
1602601920816151,105,1,7921,2129,-13352,0
1602601920832767,29,1,640,-3840,-1040,0
1602601920835858,29,2,368,-336,4048,0
1602601920835858,30,1,0,0,0,0
1602601920851488,31,1,0,0,0,0
1602601920851488,30,2,-1568,834,3936,0
1602601920851488,31,2,0,0,0,0
1602601920867336,29,1,768,-3840,-1104,0
1602601920867336,29,2,336,-256,4000,0
1602601920882769,30,1,0,0,0,0
1602601920882769,31,1,0,0,0,0
1602601920882769,30,2,-1712,818,3712,0
1602601920898641,31,2,0,0,0,0
1602601920898641,73,1,0,0,0,0
1602601920914308,73,2,0,0,0,8593
1602601920929641,105,1,7992,2338,-13291,0
1602601920929641,29,1,672,-3872,-992,0
1602601920929641,29,2,224,-272,3952,0
1602601920945507,30,1,0,0,0,0
1602601920945507,31,1,0,0,0,0
1602601921023682,73,1,0,0,0,0
1602601921023682,73,2,0,0,0,8589
1602601921023682,105,1,7867,2327,-13506,0
1602601921038976,73,2,0,0,0,8593
1602601921038976,105,1,7941,2411,-13861,0
1602601921054875,73,1,0,0,0,0
1602601921117416,73,2,0,0,0,8589
1602601921132983,105,1,7790,2413,-13571,0
1602601921132983,29,1,688,-3872,-1200,0
1602601921132983,29,2,352,-288,3968,0
1602601921148324,30,1,0,0,0,0
1602601921148324,31,1,0,0,0,0
1602601921164219,30,2,-1424,786,3584,0
1602601921164219,31,2,0,0,0,0
1602601921164219,73,1,0,0,0,0
1602601921179577,73,2,0,0,0,8590
1602601921179577,105,1,7946,2100,-13516,0
1602601921195474,29,1,640,-3776,-1104,0
1602601921195474,29,2,352,-336,3936,0
1602601921211201,30,1,0,0,0,0
1602601921226746,31,1,0,0,0,0
1602601921226746,30,2,-1520,850,3888,0
1602601921226746,31,2,0,0,0,0
1602601921242058,73,1,0,0,0,0
1602601921242058,73,2,0,0,0,8590
1602601921242058,105,1,8001,2422,-13942,0
1602601921320495,29,1,624,-3744,-1088,0
1602601921336045,29,2,368,-240,4016,0
1602601921336045,30,1,0,0,0,0
1602601921351414,31,1,0,0,0,0
1602601921351414,30,2,-1664,722,3776,0
1602601921351414,30,1,0,0,0,0
1602601921367284,31,1,0,0,0,0
1602601921367284,30,2,-1584,802,3760,0
1602601921382652,31,2,0,0,0,0
1602601921382652,73,1,0,0,0,0
1602601921382652,73,2,0,0,0,8591
1602601921398548,105,1,7815,2389,-13320,0
1602601921398548,29,1,640,-3888,-1104,0
1602601921429823,29,2,352,-304,4064,0
1602601921445409,31,2,0,0,0,0
1602601921445409,73,1,0,0,0,0
1602601921445409,73,2,0,0,0,8592
1602601921461052,105,1,7873,2532,-13108,0
1602601921476382,29,1,704,-3872,-1216,0
1602601921476382,29,2,288,-304,3968,0
1602601921476382,30,1,0,0,0,0
160260192149226,31,1,0,0,0,0
160260192149226,30,2,-1616,754,3824,0
1602601921507631,31,2,0,0,0,0
160260192161738,73,1,0,0,0,0
160260192161738,73,2,0,0,0,8592
160260192161738,105,1,7881,2251,-13762,0
160260192163293,29,1,736,-3808,-1120,0
160260192163293,29,2,304,-304,3968,0
1602601921648275,30,1,0,0,0,0
1602601921648275,31,1,0,0,0,0
1602601921664146,30,2,-1696,770,3808,0
1602601921664146,31,2,0,0,0,0
1602601921679738,73,1,0,0,0,0
1602601921679738,30,2,-1696,850,3904,0
1602601921679738,31,2,0,0,0,0
1602601921695425,73,1,0,0,0,0
1602601921695425,29,1,816,-3872,-1008,0
1602601921741933,29,2,384,-256,4016,0
1602601921741933,30,1,0,0,0,0
1602601921741933,31,1,0,0,0,0
1602601921757826,30,2,-1504,754,3760,0
1602601921773146,31,2,0,0,0,0
1602601921773146,73,1,0,0,0,0
1602601921773146,73,2,0,0,0,8587
1602601921788771,105,1,7856,2086,-13808,0
1602601921788771,29,1,640,-3808,-1152,0
1602601921804389,29,2,320,-272,3904,0
1602601921835659,30,1,0,0,0,0
160260192185125,31,1,0,0,0,0
1602601921866916,30,2,-1600,658,3776,0
1602601921866916,31,2,0,0,0,0
1602601921882492,73,1,0,0,0,0
1602601921882492,73,2,0,0,0,8591
1602601921882492,105,1,7949,2380,-13272,0
1602601921898163,29,1,656,-3904,-1008,0
1602601921898163,29,2,448,-224,3856,0
1602601921960651,30,1,0,0,0,0
1602601921960651,31,1,0,0,0,0
1602601921977606,30,2,-1584,610,3536,0
1602601921977606,31,2,0,0,0,0
1602601921977606,73,1,0,0,0,0
1602601921993159,73,2,0,0,0,8591
1602601921993159,105,1,7851,2075,-13509,0
1602601922040026,29,1,752,-3728,-1120,0
1602601922040026,30,1,0,0,0,0
1602601922040026,31,1,0,0,0,0
1602601922055648,30,2,-1632,754,3808,0
1602601922071653,31,2,0,0,0,0
1602601922071653,73,1,0,0,0,0
1602601922071653,73,2,0,0,0,8593
1602601922071653,105,1,7945,2365,-13769,0
1602601922087188,29,1,704,-3792,-1168,0
1602601922102847,29,2,368,-304,4016,0
1602601922102847,30,1,0,0,0,0
1602601922133756,31,1,0,0,0,0
1602601922133756,30,2,-1472,786,3824,0
1602601922133756,31,2,0,0,0,0
160260192215121,73,1,0,0,0,0
1602601922167191,73,2,0,0,0,8592
1602601922167191,105,1,7749,2310,-13748,0
1602601922182776,29,1,656,-3824,-1136,0
1602601922182776,29,2,352,-352,3952,0
1602601922182776,30,1,0,0,0,0
1602601922198491,31,1,0,0,0,0
1602601922198491,30,2,-1504,738,3904,0
1602601922273008,31,2,0,0,0,0
1602601922273008,73,1,0,0,0,0
16026019222819,73,2,0,0,0,8592
16026019222819,105,1,7814,2332,-13665,0
1602601922297531,29,1,688,-3808,-992,0
1602601922297531,29,2,416,-320,4032,0
1602601922328801,30,1,0,0,0,0
1602601922344551,31,1,0,0,0,0
1602601922344551,30,2,-1632,786,3808,0
1602601922376048,31,2,0,0,0,0
1602601922376048,73,1,0,0,0,0
1602601922376048,73,2,0,0,0,8592
1602601922376048,105,1,7857,2088,-13816,0
1602601922391253,29,1,672,-3808,-1072,0
1602601922406874,29,2,272,-304,3936,0
1602601922406874,30,1,0,0,0,0
1602601922406874,29,1,688,-3776,-1072,0
1602601922422498,29,2,352,-304,4096,0
1602601922422498,30,1,0,0,0,0
1602601922438117,31,1,0,0,0,0
1602601922438117,30,2,-1488,866,4112,0
1602601922438117,31,2,0,0,0,0
1602601922438117,73,2,0,0,0,8589
1602601922469361,105,1,8074,2215,-13932,0
1602601922485021,29,1,752,-3792,-1040,0
1602601922485021,29,2,368,-304,4032,0
1602601922500603,30,1,0,0,0,0
1602601922563088,31,1,0,0,0,0
1602601922563088,30,2,-1648,786,3808,0
1602601922563088,31,2,0,0,0,0
160260192257871,73,1,0,0,0,0
160260192257871,73,2,0,0,0,8589
160260192257871,105,1,7643,2443,-13436,0
1602601922594332,29,1,688,-3776,-1168,0
1602601922594332,29,2,416,-304,3984,0
1602601922609954,31,2,0,0,0,0
1602601922625574,73,1,0,0,0,0
1602601922625574,73,2,0,0,0,8589
1602601922641196,105,1,7840,2362,-13482,0
1602601922641196,29,1,688,-3856,-1120,0
1602601922641196,29,2,464,-304,4112,0
1602601922688691,30,1,0,0,0,0
1602601922704314,73,2,0,0,0,8593
1602601922704314,105,1,7640,2895,-14004,0
1602601922719934,29,1,672,-3856,-1152,0
1602601922719934,29,2,656,-464,4512,0
1602601922735593,30,1,0,0,0,0
1602601922735593,31,1,0,0,0,0
1602601922735593,30,2,-1616,1010,3808,0
1602601922751181,31,2,0,0,0,0
160260192278242,73,1,0,0,0,0
160260192278242,73,2,0,0,0,8592
1602601922798075,105,1,8124,1915,-14656,0
1602601922862897,29,1,752,-3904,-912,0
1602601922862897,29,2,256,-256,3824,0
1602601922878525,29,1,1296,-4032,-816,0
1602601922878525,29,2,448,-416,3792,0
1602601922878525,30,1,0,0,0,0
1602601922894144,31,1,0,0,0,0
1602601922894144,30,1,0,0,0,0
1602601922941008,31,1,0,0,0,0
1602601922959152,30,2,-1744,994,3280,0
1602601922959152,31,2,0,0,0,0
1602601922959152,73,1,0,0,0,0
1602601922974777,73,2,0,0,0,8593
1602601922974777,29,1,896,-3872,-864,0
1602601922990434,29,2,-320,-672,3312,0
1602601922990434,30,1,0,0,0,0
1602601922990434,31,1,0,0,0,0
1602601922990434,30,2,-1664,1458,3504,0
1602601923006057,31,2,0,0,0,0
1602601923006057,73,1,0,0,0,0
1602601923021641,73,2,0,0,0,8594
1602601923021641,29,1,816,-3920,-864,0
1602601923021641,29,2,-256,-432,3696,0
1602601923037299,30,1,0,0,0,0
1602601923037299,31,1,0,0,0,0
1602601923052903,30,2,-2000,1138,3344,0
1602601923052903,31,2,0,0,0,0
1602601923068505,73,1,0,0,0,0
1602601923068505,29,2,848,-624,4176,0
1602601923084125,30,1,0,0,0,0
1602601923084125,31,1,0,0,0,0
1602601923084125,31,1,0,0,0,0
1602601923099776,30,2,-1328,834,4144,0
1602601923146646,31,2,0,0,0,0
1602601923146646,73,1,0,0,0,0
1602601923162268,73,2,0,0,0,8594
1602601923162268,105,1,9332,3638,-13396,0
1602601923162268,29,1,480,-4080,-688,0
1602601923177854,29,1,448,-3760,-624,0
1602601923193479,29,2,384,-448,3808,0
1602601923193479,30,2,-1552,882,3200,0
1602601923193479,31,2,0,0,0,0
160260192322476,73,1,0,0,0,0
160260192324038,73,2,0,0,0,8590
160260192324038,105,1,6637,3004,-13052,0
160260192324038,29,1,496,-3312,-688,0
1602601923272123,29,2,352,-592,3536,0
1602601923287749,31,2,0,0,0,0
1602601923287749,73,1,0,0,0,0
1602601923287749,73,2,0,0,0,8592
1602601923287749,105,1,11423,2497,-11837,0
160260192330337,29,1,752,-4320,-224,0
1602601923318992,29,2,192,-416,4272,0
1602601923318992,30,1,0,0,0,0
1602601923318992,31,2,0,0,0,0
160260192333738,73,1,0,0,0,0
1602601923339177,73,2,0,0,0,8593
1602601923339177,31,1,0,0,0,0
1602601923354801,30,2,-1168,802,3920,0
1602601923370423,31,2,0,0,0,0
1602601923370423,73,1,0,0,0,0
1602601923386085,73,2,0,0,0,8593
1602601923386085,105,1,10923,3164,-11071,0
1602601923401665,29,1,656,-4016,-352,0
1602601923432939,29,2,816,-416,3904,0
1602601923448546,31,1,0,0,0,0
1602601923511329,30,2,-912,594,3888,0
1602601923511329,31,2,0,0,0,0
1602601923526638,73,1,0,0,0,0
1602601923526638,73,2,0,0,0,8594
1602601923526638,105,1,9591,3304,-12593,0
1602601923542312,29,1,496,-3984,-656,0
1602601923542312,29,2,480,-128,4208,0
1602601923573871,30,1,0,0,0,0
1602601923573871,31,1,0,0,0,0
1602601923589124,30,2,-1136,754,3920,0
1602601923594793,105,1,9493,3318,-12387,0
1602601923594793,29,1,560,-3984,-704,0
1602601923594793,29,2,528,-384,3712,0
160260192362564,30,1,0,0,0,0
160260192362564,31,1,0,0,0,0
160260192362564,30,2,-1456,866,3808,0
1602601923641559,73,1,0,0,0,0
1602601923641559,73,2,0,0,0,8596
1602601923656883,105,1,9230,3275,-12919,0
1602601923688487,105,1,8895,3421,-13000,0
1602601923688487,29,1,496,-4048,-800,0
1602601923703747,29,2,384,-256,3872,0
1602601923703747,30,1,0,0,0,0
1602601923719368,31,1,0,0,0,0
1602601923719368,30,2,-1392,786,3808,0
1602601923719368,31,2,0,0,0,0
1602601923735226,73,1,0,0,0,0
1602601923735226,73,2,0,0,0,8596
1602601923750611,105,1,8825,3579,-12846,0
1602601923750611,29,1,496,-3856,-688,0
1602601923820795,29,2,336,-304,3840,0
1602601923820795,30,1,0,0,0,0
1602601923836417,31,1,0,0,0,0
1602601923839371,29,2,368,-208,3984,0
1602601923839371,30,1,0,0,0,0
1602601923839371,31,1,0,0,0,0
1602601923870375,30,2,-1408,802,3936,0
1602601923870375,29,2,560,-544,3920,0
1602601923885923,30,1,0,0,0,0
1602601923885923,31,1,0,0,0,0
1602601923885923,30,2,-1760,834,3920,0
1602601923901253,31,2,0,0,0,0
1602601923932494,73,1,0,0,0,0
1602601923932494,73,2,0,0,0,8596
1602601923932494,105,1,8883,3029,-12932,0
1602601923948495,29,1,496,-3984,-768,0
160260192396416,29,2,432,-208,3872,0
1602601923980149,30,1,0,0,0,0
1602601923980149,31,1,0,0,0,0
1602601923980149,30,2,-1408,706,3808,0
1602601923980149,31,2,0,0,0,0
1602601923995693,29,2,432,-32,4048,0
1602601924011353,73,1,0,0,0,0
1602601924011353,73,2,0,0,0,8593
1602601924011353,105,1,8825,3137,-13009,0
1602601924026695,29,1,496,-4000,-848,0
1602601924026695,29,2,416,-176,3840,0
1602601924042543,30,1,0,0,0,0
1602601924042543,31,1,0,0,0,0
1602601924042543,30,2,-1264,818,4128,0
1602601924120749,73,1,0,0,0,0
1602601924120749,73,2,0,0,0,8595
1602601924136405,105,1,8717,3106,-13090,0
1602601924136405,29,2,320,-336,3968,0
1602601924136405,30,1,0,0,0,0
1602601924151972,31,1,0,0,0,0
1602601924183217,30,2,-1472,754,3888,0
1602601924183217,31,2,0,0,0,0
1602601924183217,73,1,0,0,0,0
160260192419878,73,2,0,0,0,8595
1602601924214357,105,1,8618,2859,-12549,0
1602601924214357,29,1,496,-3920,-816,0
1602601924214357,29,2,432,-240,4016,0
1602601924229763,30,1,0,0,0,0
1602601924229763,31,1,0,0,0,0
1602601924245633,30,2,-1584,786,4000,0
1602601924245633,31,2,0,0,0,0
1602601924245633,73,1,0,0,0,0
1602601924261063,73,2,0,0,0,8594
1602601924261063,105,1,8852,3189,-12766,0
1602601924261063,29,1,496,-3872,-896,0
1602601924276592,29,2,400,-352,4080,0
1602601924292218,30,1,0,0,0,0
1602601924292218,31,1,0,0,0,0
1602601924292218,30,2,-1520,786,3808,0
1602601924292218,31,2,0,0,0,0
1602601924323819,73,1,0,0,0,0
1602601924323819,73,2,0,0,0,8594
1602601924323819,105,1,9009,3179,-12966,0
1602601924339111,29,1,512,-3968,-816,0
1602601924339111,29,2,288,-384,3936,0
1602601924417548,30,1,0,0,0,0
1602601924417548,31,1,0,0,0,0
1602601924417548,30,2,-1328,786,3888,0
1602601924432851,31,2,0,0,0,0
1602601924432851,31,1,0,0,0,0
1602601924432851,30,2,-1344,754,3664,0
1602601924448635,105,1,9035,2722,-13086,0
1602601924480038,29,1,656,-3936,-864,0
1602601924480038,29,2,448,-304,3984,0
1602601924480038,30,1,0,0,0,0
1602601924495325,31,1,0,0,0,0
1602601924495325,30,2,-1456,770,3744,0
1602601924573439,31,2,0,0,0,0
1602601924573439,31,2,0,0,0,0
1602601924573439,73,1,0,0,0,0
1602601924589333,73,2,0,0,0,8594
1602601924589333,105,1,8702,3158,-12823,0
1602601924589333,105,1,9132,3093,-13148,0
1602601924636245,29,1,624,-3920,-800,0
1602601924636245,29,2,336,-352,3920,0
1602601924636245,30,1,0,0,0,0
1602601924651537,31,1,0,0,0,0
1602601924714447,30,2,-1440,802,3728,0
1602601924714447,31,2,0,0,0,0
1602601924729955,73,1,0,0,0,0
1602601924729955,73,2,0,0,0,8591
1602601924745233,105,1,8789,2989,-13113,0
1602601924745233,29,1,560,-3952,-832,0
1602601924792455,29,2,352,-256,3984,0
1602601924792455,30,1,0,0,0,0
1602601924792455,105,1,8771,3064,-12905,0
1602601924807752,29,1,512,-3856,-928,0
1602601924807752,29,2,352,-352,3920,0
1602601924823632,30,1,0,0,0,0
1602601924823632,31,1,0,0,0,0
1602601924823632,105,1,8688,3162,-13064,0
1602601924838995,29,1,496,-3856,-1040,0
1602601924838995,105,1,8925,3037,-12722,0
1602601924855005,29,1,512,-3952,-960,0
1602601924870673,29,2,320,-400,4144,0
1602601924870673,30,1,0,0,0,0
1602601924885868,31,1,0,0,0,0
1602601924885868,30,2,-1568,738,3904,0
160260192490181,31,2,0,0,0,0
1602601924933087,29,2,336,-384,4016,0
1602601924933087,30,1,0,0,0,0
1602601924948358,31,1,0,0,0,0
160260192497992,30,2,-1488,690,3840,0
160260192497992,31,2,0,0,0,0
1602601924995499,73,1,0,0,0,0
1602601924995499,29,2,304,-336,4208,0
1602601924995499,30,1,0,0,0,0
1602601925011125,31,1,0,0,0,0
1602601925011125,30,2,-1488,786,3904,0
1602601925011125,31,2,0,0,0,0
1602601925026461,73,1,0,0,0,0
1602601925026461,29,1,624,-3968,-848,0
1602601925042338,29,2,400,-464,4016,0
1602601925042338,30,1,0,0,0,0
1602601925042338,31,1,0,0,0,0
1602601925073722,30,2,-1344,786,3904,0
1602601925073722,31,2,0,0,0,0
1602601925089291,73,1,0,0,0,0
1602601925089291,73,2,0,0,0,8592
1602601925089291,105,1,8836,3104,-13253,0
1602601925104566,29,1,560,-3920,-912,0
1602601925120144,29,2,384,-320,4000,0
1602601925120144,30,1,0,0,0,0
1602601925136089,31,1,0,0,0,0
1602601925136089,30,2,-1424,770,3792,0
1602601925136089,31,2,0,0,0,0
1602601925151609,73,1,0,0,0,0
1602601925151609,73,2,0,0,0,8593
1602601925167307,31,1,0,0,0,0
1602601925167307,30,2,-1296,754,3920,0
1602601925167307,31,2,0,0,0,0
1602601925182682,73,1,0,0,0,0
1602601925182682,73,2,0,0,0,8593
1602601925182682,105,1,8811,2928,-12992,0
1602601925198575,31,1,0,0,0,0
1602601925198575,30,2,-1360,850,3936,0
160260192522953,31,2,0,0,0,0
160260192522953,73,1,0,0,0,0
160260192522953,31,1,0,0,0,0
160260192522953,30,2,-1472,850,3808,0
1602601925245112,31,2,0,0,0,0
1602601925245112,73,1,0,0,0,0
1602601925260734,73,2,0,0,0,8599
1602601925260734,105,1,8526,3039,-12631,0
1602601925276387,29,1,592,-3888,-912,0
1602601925276387,29,2,512,-352,3968,0
1602601925276387,30,1,0,0,0,0
1602601925291976,31,1,0,0,0,0
1602601925291976,30,2,-1488,818,3872,0
1602601925354463,31,2,0,0,0,0
1602601925354463,73,1,0,0,0,0
1602601925370085,73,2,0,0,0,8597
1602601925370085,29,2,416,-224,4016,0
1602601925385705,30,1,0,0,0,0
1602601925385705,31,1,0,0,0,0
1602601925385705,30,2,-1376,754,3792,0
